(-0.07, 1.92, 16.14)
(-0.07, 1.92, 16.14)
(-0.07, 1.92, 16.14)
(-0.07, 1.92, 16.15)
(-0.07, 1.92, 16.15)
(-0.07, 1.92, 16.15)
(-0.06, 1.92, 16.15)
(-0.06, 1.92, 16.15)
(-0.06, 1.92, 16.15)
(-0.06, 1.93, 16.15)
(-0.06, 1.94, 16.14)
(-0.06, 1.95, 16.13)
(-0.06, 1.96, 16.11)
(-0.06, 1.96, 16.10)
(-0.07, 1.97, 16.08)
(-0.07, 1.97, 16.07)
(-0.07, 1.97, 16.06)
(-0.07, 1.97, 16.05)
(-0.07, 1.97, 16.05)
(-0.07, 1.97, 16.04)
(-0.07, 1.97, 16.04)
(-0.07, 1.97, 16.04)
(-0.06, 1.97, 16.04)
(-0.06, 1.97, 16.03)
(-0.06, 1.97, 16.03)
(-0.06, 1.97, 16.02)
(-0.06, 1.97, 16.01)
(-0.06, 1.97, 16.01)
(-0.06, 1.97, 16.00)
(-0.06, 1.97, 16.00)
(-0.06, 1.97, 16.00)
(-0.06, 1.97, 16.00)
(-0.06, 1.97, 16.01)
(-0.06, 1.97, 16.01)
(-0.06, 1.97, 16.02)
(-0.06, 1.97, 16.02)
(-0.06, 1.97, 16.02)
(-0.06, 1.97, 16.02)
(-0.06, 1.97, 16.03)
(-0.06, 1.97, 16.03)
(-0.06, 1.97, 16.03)
(-0.06, 1.97, 16.03)
(-0.06, 1.97, 16.04)
(-0.06, 1.97, 16.04)
(-0.06, 1.97, 16.04)
(-0.06, 1.97, 16.04)
(-0.06, 1.97, 16.05)
(-0.06, 1.97, 16.05)
(-0.06, 1.97, 16.05)
(-0.06, 1.97, 16.05)
(-0.06, 1.97, 16.06)
(-0.05, 1.97, 16.06)
(-0.05, 1.97, 16.06)
(-0.05, 1.97, 16.06)
(-0.04, 1.97, 16.07)
(-0.04, 1.97, 16.07)
(-0.04, 1.97, 16.08)
(-0.04, 1.97, 16.08)
(-0.04, 1.97, 16.08)
(-0.04, 1.97, 16.08)
(-0.04, 1.97, 16.08)
(-0.04, 1.97, 16.08)
(-0.04, 1.97, 16.08)
(-0.04, 1.97, 16.08)
(-0.05, 1.97, 16.09)
(-0.05, 1.97, 16.09)
(-0.05, 1.97, 16.09)
(-0.05, 1.97, 16.09)
(-0.05, 1.97, 16.09)
(-0.05, 1.97, 16.09)
(-0.05, 1.97, 16.09)
(-0.05, 1.97, 16.09)
(-0.05, 1.97, 16.08)
(-0.05, 1.97, 16.08)
(-0.05, 1.97, 16.08)
(-0.05, 1.97, 16.08)
(-0.04, 1.97, 16.08)
(-0.04, 1.97, 16.07)
(-0.04, 1.97, 16.07)
(-0.04, 1.97, 16.07)
(-0.04, 1.97, 16.06)
(-0.03, 1.97, 16.06)
(-0.03, 1.97, 16.06)
(-0.03, 1.97, 16.06)
(-0.03, 1.97, 16.07)
(-0.03, 1.97, 16.07)
(-0.03, 1.97, 16.08)
(-0.03, 1.97, 16.08)
(-0.03, 1.97, 16.08)
(-0.03, 1.97, 16.09)
(-0.03, 1.97, 16.09)
(-0.03, 1.97, 16.10)
(-0.02, 1.97, 16.10)
(-0.02, 1.97, 16.09)
(-0.02, 1.97, 16.09)
(-0.02, 1.97, 16.09)
(-0.03, 1.97, 16.08)
(-0.03, 1.97, 16.08)
(-0.03, 1.97, 16.08)
(-0.03, 1.97, 16.07)
(-0.03, 1.97, 16.07)
(-0.03, 1.97, 16.06)
(-0.03, 1.97, 16.05)
(-0.03, 1.97, 16.05)
(-0.03, 1.97, 16.04)
(-0.03, 1.97, 16.04)
(-0.03, 1.97, 16.04)
(-0.03, 1.97, 16.04)
(-0.03, 1.97, 16.05)
(-0.04, 1.96, 16.08)
(-0.06, 1.92, 16.12)
(-0.07, 1.85, 16.16)
(-0.07, 1.78, 16.17)
(-0.05, 1.72, 16.18)
(-0.03, 1.71, 16.20)
(-0.02, 1.70, 16.22)
(-0.01, 1.68, 16.24)
(0.00, 1.68, 16.26)
(0.00, 1.67, 16.27)
(-0.01, 1.66, 16.27)
(-0.05, 1.66, 16.27)
(-0.09, 1.66, 16.27)
(-0.14, 1.66, 16.27)
(-0.19, 1.68, 16.25)
(-0.24, 1.70, 16.24)
(-0.27, 1.73, 16.24)
(-0.29, 1.74, 16.23)
(-0.31, 1.76, 16.24)
(-0.34, 1.76, 16.25)
(-0.36, 1.76, 16.27)
(-0.39, 1.77, 16.32)
(-0.42, 1.78, 16.37)
(-0.45, 1.80, 16.44)
(-0.47, 1.80, 16.50)
(-0.48, 1.79, 16.55)
(-0.49, 1.79, 16.58)
(-0.50, 1.77, 16.58)
(-0.51, 1.73, 16.55)
(-0.51, 1.72, 16.53)
(-0.51, 1.72, 16.52)
(-0.52, 1.72, 16.52)
(-0.52, 1.72, 16.52)
(-0.53, 1.72, 16.52)
(-0.53, 1.72, 16.51)
(-0.52, 1.79, 16.50)
(-0.46, 1.82, 16.48)
(-0.38, 1.81, 16.44)
(-0.29, 1.86, 16.38)
(-0.19, 1.89, 16.31)
(-0.11, 1.90, 16.23)
(-0.07, 1.91, 16.19)
(-0.04, 1.92, 16.14)
(-0.02, 1.93, 16.12)
(-0.06, 1.91, 16.09)
(-0.13, 1.83, 16.07)
(-0.20, 1.67, 16.06)
(-0.25, 1.63, 16.07)
(-0.32, 1.66, 16.07)
(-0.40, 1.66, 16.08)
(-0.47, 1.64, 16.08)
(-0.50, 1.63, 16.05)
(-0.52, 1.62, 15.97)
(-0.51, 1.60, 15.89)
(-0.51, 1.56, 15.78)
(-0.51, 1.54, 15.68)
(-0.54, 1.52, 15.60)
(-0.57, 1.50, 15.54)
(-0.60, 1.48, 15.47)
(-0.64, 1.46, 15.42)
(-0.69, 1.44, 15.37)
(-0.76, 1.40, 15.32)
(-0.82, 1.36, 15.26)
(-0.87, 1.34, 15.23)
(-0.88, 1.33, 15.21)
(-0.88, 1.33, 15.19)
(-0.88, 1.37, 15.18)
(-0.86, 1.43, 15.19)
(-0.83, 1.48, 15.21)
(-0.82, 1.51, 15.22)
(-0.87, 1.52, 15.20)
(-0.94, 1.52, 15.15)
(-0.99, 1.51, 15.12)
(-1.02, 1.53, 15.10)
(-1.03, 1.53, 15.09)
(-1.03, 1.52, 15.05)
(-1.02, 1.49, 15.00)
(-1.02, 1.44, 14.96)
(-1.04, 1.41, 14.95)
(-1.07, 1.41, 14.97)
(-1.08, 1.42, 14.99)
(-1.09, 1.44, 14.99)
(-1.08, 1.45, 14.99)
(-1.06, 1.45, 14.97)
(-1.04, 1.46, 14.97)
(-1.02, 1.48, 14.98)
(-1.04, 1.46, 14.98)
(-1.08, 1.44, 14.94)
(-1.12, 1.43, 14.89)
(-1.14, 1.45, 14.87)
(-1.15, 1.47, 14.87)
(-1.15, 1.48, 14.89)
(-1.13, 1.47, 14.90)
(-1.11, 1.49, 14.92)
(-1.09, 1.52, 14.93)
(-1.07, 1.53, 14.95)
(-1.06, 1.54, 14.94)
(-1.05, 1.54, 14.94)
(-1.04, 1.54, 14.93)
(-1.04, 1.57, 14.93)
(-1.05, 1.66, 14.92)
(-1.03, 1.70, 14.93)
(-1.01, 1.71, 14.94)
(-0.98, 1.74, 14.95)
(-0.96, 1.73, 14.95)
(-0.94, 1.66, 14.88)
(-0.93, 1.59, 14.84)
(-0.98, 1.54, 14.79)
(-1.05, 1.49, 14.73)
(-1.05, 1.47, 14.66)
(-1.05, 1.42, 14.59)
(-1.07, 1.38, 14.55)
(-1.10, 1.33, 14.52)
(-1.11, 1.31, 14.50)
(-1.14, 1.28, 14.51)
(-1.14, 1.27, 14.53)
(-1.10, 1.24, 14.54)
(-1.04, 1.18, 14.54)
(-0.99, 1.12, 14.54)
(-0.92, 1.04, 14.52)
(-0.82, 0.94, 14.50)
(-0.76, 0.90, 14.48)
(-0.73, 0.87, 14.48)
(-0.83, 0.89, 14.49)
(-0.97, 0.94, 14.51)
(-1.07, 0.95, 14.52)
(-1.14, 0.94, 14.53)
(-1.18, 0.94, 14.53)
(-1.22, 0.94, 14.54)
(-1.26, 0.95, 14.54)
(-1.26, 0.97, 14.53)
(-1.24, 1.01, 14.52)
(-1.19, 1.09, 14.51)
(-1.12, 1.21, 14.52)
(-1.01, 1.31, 14.57)
(-0.90, 1.39, 14.64)
(-0.83, 1.43, 14.68)
(-0.75, 1.48, 14.73)
(-0.64, 1.55, 14.83)
(-0.58, 1.60, 14.89)
(-0.54, 1.64, 14.92)
(-0.54, 1.67, 14.96)
(-0.55, 1.69, 14.98)
(-0.56, 1.69, 15.00)
(-0.56, 1.68, 15.03)
(-0.52, 1.67, 15.06)
(-0.49, 1.72, 15.14)
(-0.47, 1.76, 15.21)
(-0.42, 1.78, 15.26)
(-0.38, 1.80, 15.28)
(-0.35, 1.82, 15.28)
(-0.26, 1.81, 15.20)
(-0.11, 1.81, 15.21)
(-0.06, 1.80, 15.28)
(-0.08, 1.78, 15.32)
(-0.10, 1.75, 15.34)
(-0.15, 1.70, 15.34)
(-0.19, 1.68, 15.31)
(-0.22, 1.66, 15.27)
(-0.25, 1.63, 15.24)
(-0.26, 1.61, 15.22)
(-0.25, 1.61, 15.19)
(-0.22, 1.60, 15.16)
(-0.18, 1.58, 15.14)
(-0.15, 1.57, 15.08)
(-0.15, 1.55, 15.01)
(-0.15, 1.52, 14.91)
(-0.17, 1.47, 14.80)
(-0.17, 1.44, 14.71)
(-0.17, 1.40, 14.63)
(-0.16, 1.39, 14.55)
(-0.14, 1.39, 14.52)
(-0.11, 1.40, 14.52)
(-0.05, 1.42, 14.54)
(0.01, 1.43, 14.58)
(0.04, 1.41, 14.61)
(0.05, 1.38, 14.62)
(0.05, 1.39, 14.60)
(0.04, 1.42, 14.59)
(0.03, 1.46, 14.57)
(0.01, 1.50, 14.55)
(0.05, 1.56, 14.60)
(0.09, 1.59, 14.72)
(0.10, 1.61, 14.77)
(0.16, 1.62, 14.86)
(0.24, 1.61, 14.93)
(0.31, 1.61, 15.03)
(0.37, 1.65, 15.11)
(0.43, 1.69, 15.14)
(0.49, 1.71, 15.17)
(0.58, 1.71, 15.17)
(0.68, 1.71, 15.18)
(0.76, 1.72, 15.21)
(0.82, 1.74, 15.25)
(0.85, 1.75, 15.28)
(0.90, 1.75, 15.37)
(0.93, 1.75, 15.46)
(0.96, 1.73, 15.56)
(1.01, 1.73, 15.66)
(1.06, 1.75, 15.74)
(1.11, 1.76, 15.80)
(1.16, 1.76, 15.84)
(1.22, 1.76, 15.87)
(1.34, 1.74, 15.93)
(1.45, 1.72, 15.99)
(1.57, 1.72, 16.05)
(1.66, 1.74, 16.10)
(1.72, 1.75, 16.14)
(1.75, 1.76, 16.16)
(1.76, 1.77, 16.17)
(1.76, 1.78, 16.17)
(1.75, 1.78, 16.16)
(1.73, 1.78, 16.16)
(1.68, 1.77, 16.17)
(1.64, 1.76, 16.20)
(1.60, 1.77, 16.24)
(1.57, 1.77, 16.26)
(1.55, 1.76, 16.26)
(1.54, 1.76, 16.27)
(1.54, 1.77, 16.27)
(1.53, 1.76, 16.28)
(1.52, 1.76, 16.29)
(1.51, 1.75, 16.29)
(1.50, 1.75, 16.30)
(1.49, 1.75, 16.29)
(1.50, 1.75, 16.29)
(1.50, 1.75, 16.29)
(1.50, 1.76, 16.31)
(1.48, 1.78, 16.35)
(1.46, 1.79, 16.39)
(1.45, 1.78, 16.40)
(1.47, 1.77, 16.42)
(1.50, 1.78, 16.45)
(1.55, 1.78, 16.49)
(1.61, 1.77, 16.52)
(1.66, 1.78, 16.55)
(1.73, 1.79, 16.59)
(1.77, 1.79, 16.62)
(1.79, 1.79, 16.64)
(1.78, 1.79, 16.66)
(1.77, 1.78, 16.67)
(1.76, 1.78, 16.68)
(1.75, 1.78, 16.69)
(1.74, 1.78, 16.70)
(1.72, 1.78, 16.71)
(1.70, 1.78, 16.72)
(1.69, 1.78, 16.73)
(1.69, 1.77, 16.71)
(1.70, 1.76, 16.66)
(1.67, 1.76, 16.64)
(1.66, 1.76, 16.64)
(1.64, 1.76, 16.66)
(1.63, 1.77, 16.67)
(1.61, 1.78, 16.68)
(1.59, 1.78, 16.71)
(1.56, 1.78, 16.73)
(1.54, 1.78, 16.74)
(1.53, 1.80, 16.75)
(1.53, 1.80, 16.77)
(1.54, 1.80, 16.80)
(1.55, 1.80, 16.81)
(1.56, 1.80, 16.80)
(1.58, 1.79, 16.80)
(1.58, 1.79, 16.79)
(1.59, 1.79, 16.77)
(1.59, 1.79, 16.77)
(1.58, 1.80, 16.78)
(1.58, 1.79, 16.79)
(1.59, 1.79, 16.77)
(1.60, 1.80, 16.72)
(1.60, 1.80, 16.66)
(1.59, 1.80, 16.65)
(1.59, 1.80, 16.65)
(1.59, 1.80, 16.64)
(1.59, 1.80, 16.63)
(1.59, 1.80, 16.63)
(1.59, 1.80, 16.64)
(1.58, 1.80, 16.64)
(1.56, 1.80, 16.64)
(1.55, 1.81, 16.64)
(1.54, 1.81, 16.64)
(1.52, 1.81, 16.64)
(1.51, 1.82, 16.63)
(1.51, 1.82, 16.63)
(1.50, 1.82, 16.61)
(1.50, 1.82, 16.59)
(1.50, 1.82, 16.56)
(1.50, 1.82, 16.52)
(1.50, 1.82, 16.51)
(1.50, 1.83, 16.50)
(1.50, 1.83, 16.50)
(1.50, 1.83, 16.48)
(1.51, 1.82, 16.48)
(1.51, 1.83, 16.47)
(1.50, 1.83, 16.48)
(1.50, 1.83, 16.48)
(1.50, 1.83, 16.48)
(1.50, 1.83, 16.48)
(1.49, 1.83, 16.47)
(1.49, 1.83, 16.47)
(1.48, 1.83, 16.47)
(1.47, 1.83, 16.49)
(1.46, 1.82, 16.50)
(1.46, 1.82, 16.51)
(1.46, 1.82, 16.51)
(1.46, 1.82, 16.50)
(1.47, 1.81, 16.49)
(1.48, 1.81, 16.50)
(1.49, 1.80, 16.50)
(1.51, 1.79, 16.50)
(1.52, 1.79, 16.50)
(1.53, 1.79, 16.49)
(1.54, 1.79, 16.48)
(1.54, 1.79, 16.48)
(1.54, 1.79, 16.47)
(1.54, 1.79, 16.46)
(1.54, 1.79, 16.45)
(1.54, 1.79, 16.45)
(1.54, 1.79, 16.45)
(1.54, 1.79, 16.45)
(1.54, 1.79, 16.45)
(1.54, 1.79, 16.45)
(1.54, 1.80, 16.45)
(1.53, 1.80, 16.45)
(1.53, 1.81, 16.45)
(1.52, 1.82, 16.45)
(1.52, 1.82, 16.44)
(1.52, 1.82, 16.44)
(1.52, 1.80, 16.44)
(1.52, 1.80, 16.44)
(1.51, 1.80, 16.45)
(1.50, 1.81, 16.47)
(1.50, 1.81, 16.50)
(1.49, 1.81, 16.52)
(1.48, 1.81, 16.57)
(1.46, 1.81, 16.62)
(1.45, 1.80, 16.65)
(1.46, 1.80, 16.66)
(1.47, 1.79, 16.68)
(1.50, 1.78, 16.72)
(1.53, 1.77, 16.81)
(1.56, 1.77, 16.88)
(1.58, 1.76, 16.93)
(1.61, 1.77, 16.97)
(1.62, 1.77, 16.99)
(1.63, 1.77, 17.00)
(1.64, 1.78, 17.00)
(1.65, 1.79, 17.00)
(1.65, 1.79, 17.00)
(1.65, 1.80, 17.01)
(1.64, 1.81, 17.01)
(1.63, 1.81, 17.00)
(1.63, 1.80, 17.00)
(1.63, 1.79, 16.99)
(1.63, 1.80, 16.98)
(1.63, 1.82, 16.96)
(1.62, 1.84, 16.91)
(1.60, 1.85, 16.89)
(1.58, 1.86, 16.86)
(1.55, 1.86, 16.84)
(1.53, 1.85, 16.81)
(1.52, 1.85, 16.79)
(1.52, 1.85, 16.77)
(1.52, 1.85, 16.75)
(1.53, 1.84, 16.74)
(1.54, 1.85, 16.72)
(1.55, 1.85, 16.72)
(1.56, 1.85, 16.70)
(1.56, 1.85, 16.68)
(1.57, 1.85, 16.66)
(1.58, 1.84, 16.68)
(1.60, 1.81, 16.75)
(1.57, 1.80, 16.79)
(1.55, 1.79, 16.80)
(1.55, 1.79, 16.80)
(1.56, 1.79, 16.79)
(1.56, 1.79, 16.79)
(1.57, 1.79, 16.81)
(1.56, 1.79, 16.81)
(1.55, 1.79, 16.82)
(1.55, 1.79, 16.83)
(1.54, 1.79, 16.84)
(1.54, 1.79, 16.84)
(1.54, 1.80, 16.84)
(1.55, 1.80, 16.84)
(1.55, 1.80, 16.85)
(1.55, 1.80, 16.84)
(1.55, 1.80, 16.84)
(1.55, 1.80, 16.84)
(1.54, 1.79, 16.84)
(1.54, 1.80, 16.83)
(1.54, 1.80, 16.83)
(1.54, 1.80, 16.82)
(1.54, 1.79, 16.82)
(1.55, 1.79, 16.82)
(1.55, 1.79, 16.81)
(1.56, 1.79, 16.81)
(1.58, 1.79, 16.81)
(1.60, 1.79, 16.82)
(1.62, 1.79, 16.83)
(1.64, 1.78, 16.84)
(1.66, 1.78, 16.84)
(1.67, 1.78, 16.83)
(1.68, 1.78, 16.80)
(1.68, 1.79, 16.75)
(1.67, 1.80, 16.68)
(1.63, 1.79, 16.55)
(1.59, 1.79, 16.48)
(1.56, 1.78, 16.45)
(1.56, 1.75, 16.44)
(1.55, 1.72, 16.43)
(1.54, 1.68, 16.41)
(1.54, 1.65, 16.39)
(1.54, 1.65, 16.37)
(1.53, 1.65, 16.36)
(1.51, 1.65, 16.35)
(1.49, 1.68, 16.35)
(1.45, 1.72, 16.35)
(1.41, 1.74, 16.37)
(1.38, 1.76, 16.38)
(1.35, 1.77, 16.39)
(1.32, 1.77, 16.38)
(1.31, 1.76, 16.36)
(1.31, 1.75, 16.31)
(1.33, 1.75, 16.25)
(1.36, 1.73, 16.16)
(1.40, 1.71, 16.04)
(1.45, 1.68, 15.92)
(1.47, 1.66, 15.83)
(1.49, 1.65, 15.78)
(1.50, 1.64, 15.75)
(1.50, 1.63, 15.74)
(1.48, 1.64, 15.75)
(1.47, 1.66, 15.76)
(1.44, 1.66, 15.78)
(1.42, 1.66, 15.77)
(1.41, 1.65, 15.72)
(1.41, 1.63, 15.65)
(1.42, 1.61, 15.56)
(1.43, 1.57, 15.48)
(1.45, 1.54, 15.41)
(1.48, 1.50, 15.36)
(1.52, 1.44, 15.31)
(1.55, 1.38, 15.28)
(1.55, 1.32, 15.26)
(1.55, 1.32, 15.26)
(1.54, 1.36, 15.28)
(1.51, 1.42, 15.31)
(1.49, 1.50, 15.35)
(1.47, 1.56, 15.39)
(1.44, 1.61, 15.42)
(1.41, 1.67, 15.44)
(1.37, 1.70, 15.45)
(1.34, 1.69, 15.48)
(1.33, 1.65, 15.48)
(1.31, 1.67, 15.43)
(1.27, 1.69, 15.36)
(1.24, 1.68, 15.29)
(1.21, 1.66, 15.19)
(1.13, 1.59, 15.11)
(1.09, 1.56, 15.06)
(1.07, 1.56, 15.03)
(1.03, 1.56, 15.01)
(0.97, 1.56, 15.00)
(0.92, 1.57, 15.04)
(0.88, 1.60, 15.10)
(0.88, 1.61, 15.13)
(0.86, 1.64, 15.18)
(0.84, 1.66, 15.26)
(0.81, 1.68, 15.31)
(0.77, 1.69, 15.36)
(0.73, 1.70, 15.37)
(0.64, 1.70, 15.38)
(0.55, 1.70, 15.38)
(0.45, 1.72, 15.37)
(0.38, 1.74, 15.37)
(0.33, 1.76, 15.38)
(0.30, 1.79, 15.40)
(0.27, 1.80, 15.41)
(0.26, 1.81, 15.42)
(0.26, 1.79, 15.41)
(0.27, 1.79, 15.39)
(0.27, 1.80, 15.35)
(0.27, 1.82, 15.32)
(0.28, 1.83, 15.30)
(0.29, 1.83, 15.28)
(0.30, 1.82, 15.27)
(0.31, 1.80, 15.29)
(0.32, 1.78, 15.31)
(0.32, 1.76, 15.32)
(0.33, 1.74, 15.38)
(0.32, 1.74, 15.43)
(0.32, 1.74, 15.48)
(0.32, 1.74, 15.53)
(0.31, 1.78, 15.57)
(0.26, 1.80, 15.58)
(0.18, 1.82, 15.59)
(0.11, 1.81, 15.62)
(0.03, 1.80, 15.65)
(-0.06, 1.81, 15.70)
(-0.16, 1.84, 15.74)
(-0.24, 1.85, 15.77)
(-0.30, 1.86, 15.80)
(-0.36, 1.86, 15.84)
(-0.35, 1.83, 15.89)
(-0.31, 1.79, 15.91)
(-0.29, 1.78, 15.92)
(-0.27, 1.77, 15.93)
(-0.26, 1.78, 15.92)
(-0.24, 1.79, 15.92)
(-0.20, 1.81, 15.90)
(-0.18, 1.82, 15.88)
(-0.17, 1.83, 15.87)
(-0.15, 1.83, 15.87)
(-0.11, 1.83, 15.86)
(-0.05, 1.83, 15.84)
(0.02, 1.83, 15.82)
(0.09, 1.82, 15.80)
(0.15, 1.82, 15.78)
(0.21, 1.81, 15.77)
(0.25, 1.81, 15.77)
(0.29, 1.81, 15.80)
(0.32, 1.80, 15.82)
(0.36, 1.78, 15.88)
(0.40, 1.76, 15.96)
(0.43, 1.77, 16.06)
(0.47, 1.79, 16.15)
(0.49, 1.80, 16.24)
(0.52, 1.81, 16.30)
(0.55, 1.81, 16.35)
(0.59, 1.81, 16.39)
(0.65, 1.81, 16.43)
(0.74, 1.80, 16.46)
(0.85, 1.80, 16.49)
(0.96, 1.80, 16.52)
(1.06, 1.81, 16.53)
(1.11, 1.81, 16.55)
(1.15, 1.82, 16.57)
(1.17, 1.82, 16.59)
(1.18, 1.82, 16.61)
(1.18, 1.82, 16.63)
(1.18, 1.83, 16.67)
(1.17, 1.83, 16.70)
(1.17, 1.83, 16.74)
(1.16, 1.83, 16.76)
(1.16, 1.82, 16.78)
(1.16, 1.81, 16.80)
(1.16, 1.81, 16.82)
(1.15, 1.82, 16.83)
(1.15, 1.82, 16.84)
(1.15, 1.82, 16.85)
(1.15, 1.82, 16.86)
(1.16, 1.82, 16.87)
(1.16, 1.81, 16.89)
(1.17, 1.80, 16.89)
(1.19, 1.79, 16.89)
(1.21, 1.79, 16.89)
(1.24, 1.79, 16.90)
(1.29, 1.79, 16.90)
(1.34, 1.79, 16.90)
(1.41, 1.79, 16.90)
(1.48, 1.79, 16.92)
(1.51, 1.79, 16.93)
(1.54, 1.78, 16.95)
(1.58, 1.78, 16.97)
(1.59, 1.78, 16.97)
(1.60, 1.78, 16.97)
(1.60, 1.79, 16.97)
(1.60, 1.79, 16.97)
(1.59, 1.79, 16.97)
(1.58, 1.80, 16.97)
(1.58, 1.80, 16.98)
(1.57, 1.80, 16.98)
(1.56, 1.80, 16.98)
(1.55, 1.80, 16.97)
(1.54, 1.80, 16.96)
(1.53, 1.80, 16.95)
(1.50, 1.79, 16.93)
(1.46, 1.78, 16.90)
(1.41, 1.77, 16.88)
(1.35, 1.77, 16.86)
(1.30, 1.78, 16.84)
(1.25, 1.80, 16.82)
(1.22, 1.80, 16.81)
(1.20, 1.80, 16.80)
(1.18, 1.80, 16.78)
(1.18, 1.80, 16.76)
(1.17, 1.80, 16.74)
(1.17, 1.81, 16.71)
(1.18, 1.81, 16.68)
(1.19, 1.81, 16.65)
(1.19, 1.81, 16.63)
(1.20, 1.81, 16.61)
(1.20, 1.80, 16.61)
(1.21, 1.78, 16.63)
(1.20, 1.74, 16.64)
(1.18, 1.73, 16.65)
(1.18, 1.74, 16.64)
(1.17, 1.76, 16.64)
(1.15, 1.76, 16.64)
(1.12, 1.76, 16.64)
(1.12, 1.76, 16.64)
(1.12, 1.76, 16.62)
(1.14, 1.76, 16.60)
(1.15, 1.76, 16.58)
(1.17, 1.76, 16.56)
(1.17, 1.76, 16.56)
(1.17, 1.75, 16.55)
(1.16, 1.74, 16.55)
(1.15, 1.74, 16.55)
(1.15, 1.75, 16.54)
(1.15, 1.75, 16.53)
(1.15, 1.75, 16.52)
(1.14, 1.74, 16.53)
(1.14, 1.74, 16.52)
(1.12, 1.75, 16.51)
(1.11, 1.78, 16.50)
(1.10, 1.78, 16.52)
(1.08, 1.77, 16.54)
(1.07, 1.77, 16.54)
(1.08, 1.77, 16.50)
(1.10, 1.77, 16.43)
(1.11, 1.75, 16.36)
(1.09, 1.73, 16.32)
(1.06, 1.74, 16.32)
(1.05, 1.73, 16.34)
(1.04, 1.73, 16.37)
(1.03, 1.72, 16.39)
(1.02, 1.71, 16.38)
(1.02, 1.70, 16.36)
(1.01, 1.68, 16.29)
(0.99, 1.65, 16.19)
(0.97, 1.63, 16.07)
(0.96, 1.63, 15.94)
(0.94, 1.64, 15.83)
(0.92, 1.66, 15.77)
(0.91, 1.68, 15.73)
(0.91, 1.70, 15.72)
(0.93, 1.75, 15.76)
(0.94, 1.79, 15.86)
(0.92, 1.80, 15.93)
(0.91, 1.79, 15.93)
(0.90, 1.78, 15.92)
(0.86, 1.77, 15.95)
(0.79, 1.77, 15.99)
(0.77, 1.77, 16.00)
(0.76, 1.75, 16.03)
(0.72, 1.75, 16.06)
(0.67, 1.73, 16.09)
(0.60, 1.71, 16.13)
(0.52, 1.71, 16.17)
(0.43, 1.70, 16.19)
(0.38, 1.70, 16.21)
(0.33, 1.72, 16.23)
(0.30, 1.73, 16.26)
(0.28, 1.72, 16.29)
(0.30, 1.71, 16.30)
(0.33, 1.71, 16.32)
(0.35, 1.72, 16.34)
(0.38, 1.74, 16.38)
(0.48, 1.77, 16.43)
(0.58, 1.77, 16.40)
(0.61, 1.78, 16.34)
(0.63, 1.77, 16.31)
(0.65, 1.77, 16.30)
(0.69, 1.78, 16.29)
(0.76, 1.78, 16.31)
(0.84, 1.78, 16.33)
(0.93, 1.78, 16.35)
(1.01, 1.79, 16.36)
(1.05, 1.80, 16.38)
(1.06, 1.80, 16.40)
(0.99, 1.79, 16.49)
(0.81, 1.78, 16.49)
(0.69, 1.76, 16.41)
(0.61, 1.74, 16.36)
(0.51, 1.74, 16.33)
(0.42, 1.74, 16.30)
(0.33, 1.73, 16.27)
(0.25, 1.73, 16.28)
(0.16, 1.71, 16.31)
(0.05, 1.68, 16.36)
(-0.04, 1.65, 16.43)
(-0.11, 1.65, 16.51)
(-0.15, 1.64, 16.58)
(-0.18, 1.65, 16.60)
(-0.21, 1.66, 16.60)
(-0.23, 1.66, 16.59)
(-0.25, 1.67, 16.58)
(-0.28, 1.67, 16.58)
(-0.31, 1.66, 16.57)
(-0.40, 1.64, 16.50)
(-0.50, 1.62, 16.41)
(-0.61, 1.60, 16.33)
(-0.66, 1.60, 16.32)
(-0.67, 1.63, 16.33)
(-0.65, 1.67, 16.36)
(-0.62, 1.70, 16.38)
(-0.59, 1.70, 16.40)
(-0.52, 1.72, 16.42)
(-0.45, 1.75, 16.41)
(-0.37, 1.80, 16.36)
(-0.32, 1.83, 16.26)
(-0.31, 1.82, 16.21)
(-0.29, 1.78, 16.20)
(-0.27, 1.72, 16.19)
(-0.25, 1.69, 16.19)
(-0.17, 1.67, 16.18)
(-0.08, 1.71, 16.17)
(0.02, 1.71, 16.16)
(0.13, 1.70, 16.15)
(0.22, 1.70, 16.15)
(0.29, 1.71, 16.14)
(0.33, 1.70, 16.13)
(0.34, 1.68, 16.13)
(0.33, 1.66, 16.15)
(0.28, 1.65, 16.18)
(0.22, 1.64, 16.23)
(0.16, 1.65, 16.29)
(0.13, 1.66, 16.35)
(0.13, 1.67, 16.42)
(0.16, 1.68, 16.47)
(0.22, 1.68, 16.51)
(0.29, 1.68, 16.53)
(0.37, 1.65, 16.51)
(0.44, 1.63, 16.46)
(0.51, 1.62, 16.37)
(0.57, 1.61, 16.26)
(0.62, 1.59, 16.15)
(0.62, 1.57, 16.08)
(0.62, 1.60, 16.05)
(0.60, 1.64, 16.02)
(0.55, 1.66, 15.99)
(0.52, 1.66, 15.99)
(0.55, 1.66, 16.00)
(0.59, 1.65, 16.00)
(0.65, 1.63, 15.99)
(0.74, 1.62, 15.99)
(0.85, 1.62, 16.01)
(0.95, 1.63, 16.02)
(1.01, 1.68, 16.04)
(1.05, 1.73, 16.07)
(1.07, 1.76, 16.10)
(1.07, 1.79, 16.12)
(1.08, 1.82, 16.14)
(1.10, 1.86, 16.17)
(1.10, 1.87, 16.16)
(1.09, 1.87, 16.12)
(1.08, 1.87, 16.07)
(1.08, 1.90, 16.02)
(1.08, 1.91, 15.99)
(1.10, 1.93, 15.97)
(1.12, 1.92, 15.95)
(1.12, 1.93, 15.95)
(1.13, 1.92, 15.95)
(1.14, 1.89, 15.93)
(1.16, 1.85, 15.93)
(1.18, 1.84, 15.93)
(1.22, 1.78, 15.96)
(1.27, 1.72, 15.97)
(1.33, 1.72, 16.00)
(1.38, 1.69, 16.00)
(1.44, 1.64, 16.00)
(1.53, 1.57, 15.97)
(1.63, 1.46, 15.93)
(1.72, 1.30, 15.89)
(1.78, 1.13, 15.88)
(1.82, 0.98, 15.88)
(1.85, 0.86, 15.91)
(1.88, 0.79, 15.94)
(1.89, 0.73, 15.98)
(1.91, 0.71, 16.00)
(1.91, 0.68, 16.01)
(1.90, 0.67, 16.01)
(1.89, 0.67, 16.00)
(1.87, 0.69, 15.95)
(1.85, 0.73, 15.91)
(1.83, 0.81, 15.85)
(1.80, 0.88, 15.78)
(1.77, 0.91, 15.71)
(1.76, 0.92, 15.65)
(1.75, 0.92, 15.58)
(1.74, 0.92, 15.51)
(1.74, 0.91, 15.46)
(1.73, 0.89, 15.43)
(1.72, 0.90, 15.40)
(1.71, 0.92, 15.37)
(1.69, 0.94, 15.36)
(1.66, 0.91, 15.36)
(1.65, 0.91, 15.35)
(1.66, 0.91, 15.35)
(1.65, 0.89, 15.34)
(1.65, 0.87, 15.32)
(1.65, 0.91, 15.31)
(1.66, 0.98, 15.32)
(1.66, 1.04, 15.34)
(1.68, 1.09, 15.37)
(1.70, 1.14, 15.41)
(1.73, 1.15, 15.45)
(1.75, 1.15, 15.47)
(1.77, 1.14, 15.50)
(1.78, 1.14, 15.50)
(1.79, 1.14, 15.49)
(1.80, 1.13, 15.49)
(1.81, 1.13, 15.49)
(1.82, 1.13, 15.48)
(1.82, 1.14, 15.46)
(1.83, 1.14, 15.46)
(1.83, 1.14, 15.47)
(1.82, 1.14, 15.45)
(1.79, 1.14, 15.44)
(1.78, 1.15, 15.45)
(1.78, 1.18, 15.47)
(1.77, 1.21, 15.47)
(1.75, 1.25, 15.47)
(1.74, 1.30, 15.47)
(1.71, 1.36, 15.46)
(1.70, 1.40, 15.47)
(1.68, 1.44, 15.47)
(1.68, 1.47, 15.47)
(1.68, 1.47, 15.47)
(1.71, 1.42, 15.47)
(1.73, 1.36, 15.45)
(1.73, 1.34, 15.43)
(1.73, 1.33, 15.42)
(1.73, 1.33, 15.42)
(1.72, 1.34, 15.41)
(1.71, 1.35, 15.40)
(1.70, 1.36, 15.39)
(1.68, 1.37, 15.37)
(1.67, 1.38, 15.37)
(1.66, 1.39, 15.39)
(1.66, 1.39, 15.40)
(1.67, 1.39, 15.43)
(1.67, 1.38, 15.47)
(1.68, 1.37, 15.51)
(1.69, 1.36, 15.52)
(1.69, 1.36, 15.52)
(1.70, 1.37, 15.52)
(1.71, 1.39, 15.51)
(1.71, 1.41, 15.49)
(1.71, 1.42, 15.48)
(1.72, 1.43, 15.48)
(1.73, 1.43, 15.49)
(1.74, 1.43, 15.50)
(1.75, 1.43, 15.51)
(1.75, 1.43, 15.52)
(1.75, 1.42, 15.52)
(1.73, 1.43, 15.52)
(1.71, 1.45, 15.53)
(1.67, 1.46, 15.53)
(1.64, 1.48, 15.54)
(1.62, 1.52, 15.57)
(1.60, 1.59, 15.62)
(1.56, 1.64, 15.65)
(1.53, 1.68, 15.68)
(1.50, 1.73, 15.71)
(1.46, 1.75, 15.73)
(1.42, 1.76, 15.73)
(1.40, 1.73, 15.74)
(1.39, 1.68, 15.78)
(1.37, 1.66, 15.83)
(1.35, 1.66, 15.85)
(1.34, 1.67, 15.87)
(1.33, 1.67, 15.89)
(1.35, 1.71, 15.89)
(1.36, 1.77, 15.81)
(1.32, 1.79, 15.74)
(1.29, 1.80, 15.66)
(1.26, 1.79, 15.56)
(1.25, 1.76, 15.44)
(1.25, 1.73, 15.30)
(1.27, 1.69, 15.19)
(1.27, 1.66, 15.10)
(1.27, 1.64, 15.05)
(1.27, 1.59, 15.00)
(1.26, 1.52, 14.96)
(1.25, 1.47, 14.91)
(1.26, 1.43, 14.86)
(1.26, 1.39, 14.79)
(1.28, 1.36, 14.74)
(1.28, 1.34, 14.71)
(1.27, 1.34, 14.67)
(1.22, 1.36, 14.64)
(1.16, 1.39, 14.64)
(1.08, 1.43, 14.67)
(1.00, 1.48, 14.74)
(0.93, 1.52, 14.83)
(0.88, 1.56, 14.94)
(0.85, 1.57, 14.99)
(0.81, 1.60, 15.07)
(0.77, 1.63, 15.13)
(0.72, 1.63, 15.14)
(0.65, 1.63, 15.11)
(0.56, 1.60, 15.06)
(0.45, 1.57, 15.01)
(0.37, 1.56, 14.98)
(0.33, 1.56, 14.95)
(0.31, 1.56, 14.91)
(0.35, 1.52, 14.86)
(0.37, 1.50, 14.82)
(0.38, 1.50, 14.80)
(0.41, 1.52, 14.78)
(0.42, 1.56, 14.76)
(0.40, 1.60, 14.79)
(0.41, 1.62, 14.84)
(0.40, 1.64, 14.87)
(0.39, 1.65, 14.91)
(0.35, 1.66, 14.96)
(0.30, 1.66, 15.02)
(0.23, 1.66, 15.09)
(0.15, 1.65, 15.16)
(0.10, 1.65, 15.21)
(0.05, 1.65, 15.25)
(0.00, 1.64, 15.26)
(-0.04, 1.64, 15.27)
(-0.09, 1.63, 15.26)
(-0.15, 1.62, 15.24)
(-0.22, 1.61, 15.22)
(-0.30, 1.61, 15.19)
(-0.35, 1.62, 15.17)
(-0.40, 1.63, 15.17)
(-0.43, 1.64, 15.17)
(-0.48, 1.64, 15.17)
(-0.53, 1.64, 15.17)
(-0.60, 1.62, 15.18)
(-0.70, 1.60, 15.19)
(-0.83, 1.57, 15.20)
(-0.93, 1.55, 15.20)
(-1.01, 1.56, 15.21)
(-1.03, 1.58, 15.21)
(-1.03, 1.60, 15.21)
(-1.00, 1.62, 15.22)
(-0.96, 1.67, 15.24)
(-0.90, 1.70, 15.26)
(-0.84, 1.71, 15.27)
(-0.82, 1.73, 15.29)
(-0.80, 1.76, 15.31)
(-0.77, 1.78, 15.32)
(-0.73, 1.79, 15.35)
(-0.69, 1.77, 15.37)
(-0.65, 1.75, 15.39)
(-0.61, 1.71, 15.41)
(-0.57, 1.67, 15.42)
(-0.55, 1.67, 15.45)
(-0.53, 1.68, 15.47)
(-0.48, 1.67, 15.52)
(-0.45, 1.68, 15.54)
(-0.44, 1.69, 15.54)
(-0.44, 1.69, 15.55)
(-0.45, 1.69, 15.55)
(-0.47, 1.69, 15.56)
(-0.52, 1.69, 15.59)
(-0.57, 1.67, 15.63)
(-0.63, 1.66, 15.70)
(-0.67, 1.65, 15.76)
(-0.68, 1.66, 15.80)
(-0.68, 1.67, 15.82)
(-0.69, 1.69, 15.83)
(-0.68, 1.70, 15.82)
(-0.67, 1.71, 15.81)
(-0.67, 1.72, 15.81)
(-0.66, 1.72, 15.81)
(-0.65, 1.72, 15.81)
(-0.65, 1.71, 15.81)
(-0.64, 1.71, 15.81)
(-0.64, 1.71, 15.81)
(-0.63, 1.72, 15.80)
(-0.61, 1.72, 15.81)
(-0.56, 1.73, 15.85)
(-0.51, 1.73, 15.86)
(-0.47, 1.73, 15.86)
(-0.44, 1.72, 15.84)
(-0.41, 1.72, 15.82)
(-0.40, 1.72, 15.80)
(-0.39, 1.74, 15.78)
(-0.39, 1.77, 15.76)
(-0.39, 1.78, 15.74)
(-0.41, 1.82, 15.71)
(-0.43, 1.84, 15.67)
(-0.45, 1.84, 15.63)
(-0.47, 1.83, 15.58)
(-0.48, 1.81, 15.52)
(-0.47, 1.80, 15.44)
(-0.47, 1.79, 15.42)
(-0.47, 1.79, 15.39)
(-0.47, 1.78, 15.37)
(-0.47, 1.78, 15.36)
(-0.49, 1.78, 15.36)
(-0.51, 1.77, 15.35)
(-0.53, 1.76, 15.35)
(-0.57, 1.74, 15.34)
(-0.60, 1.72, 15.34)
(-0.65, 1.70, 15.32)
(-0.68, 1.69, 15.31)
(-0.69, 1.69, 15.29)
(-0.70, 1.69, 15.28)
(-0.70, 1.69, 15.28)
(-0.70, 1.69, 15.28)
(-0.70, 1.69, 15.28)
(-0.69, 1.69, 15.29)
(-0.69, 1.68, 15.29)
(-0.68, 1.68, 15.29)
(-0.67, 1.68, 15.30)
(-0.66, 1.68, 15.30)
(-0.65, 1.68, 15.31)
(-0.64, 1.68, 15.32)
(-0.64, 1.68, 15.32)
(-0.64, 1.68, 15.33)
(-0.63, 1.68, 15.34)
(-0.64, 1.68, 15.36)
(-0.64, 1.67, 15.38)
(-0.65, 1.67, 15.40)
(-0.66, 1.67, 15.43)
(-0.66, 1.67, 15.46)
(-0.66, 1.68, 15.50)
(-0.65, 1.68, 15.53)
(-0.64, 1.68, 15.56)
(-0.63, 1.68, 15.58)
(-0.62, 1.68, 15.61)
(-0.61, 1.68, 15.62)
(-0.60, 1.67, 15.63)
(-0.59, 1.67, 15.64)
(-0.59, 1.67, 15.64)
(-0.59, 1.67, 15.65)
(-0.59, 1.67, 15.64)
(-0.59, 1.67, 15.64)
(-0.59, 1.67, 15.64)
(-0.60, 1.67, 15.63)
(-0.60, 1.67, 15.63)
(-0.60, 1.67, 15.62)
(-0.60, 1.66, 15.61)
(-0.60, 1.66, 15.59)
(-0.61, 1.65, 15.57)
(-0.61, 1.65, 15.55)
(-0.62, 1.64, 15.53)
(-0.62, 1.64, 15.50)
(-0.62, 1.64, 15.48)
(-0.62, 1.63, 15.47)
(-0.62, 1.64, 15.46)
(-0.62, 1.64, 15.45)
(-0.61, 1.64, 15.44)
(-0.61, 1.64, 15.43)
(-0.61, 1.64, 15.43)
(-0.60, 1.64, 15.43)
(-0.61, 1.64, 15.44)
(-0.61, 1.64, 15.44)
(-0.61, 1.64, 15.44)
(-0.61, 1.64, 15.45)
(-0.61, 1.64, 15.45)
(-0.61, 1.64, 15.45)
(-0.61, 1.64, 15.45)
(-0.60, 1.63, 15.45)
(-0.60, 1.62, 15.44)
(-0.59, 1.62, 15.43)
(-0.59, 1.62, 15.42)
(-0.58, 1.63, 15.41)
(-0.56, 1.65, 15.39)
(-0.53, 1.66, 15.36)
(-0.49, 1.68, 15.32)
(-0.45, 1.69, 15.27)
(-0.40, 1.69, 15.23)
(-0.35, 1.68, 15.20)
(-0.32, 1.68, 15.19)
(-0.31, 1.69, 15.18)
(-0.33, 1.69, 15.18)
(-0.38, 1.69, 15.18)
(-0.43, 1.69, 15.21)
(-0.50, 1.69, 15.28)
(-0.54, 1.69, 15.35)
(-0.57, 1.69, 15.40)
(-0.60, 1.69, 15.44)
(-0.62, 1.69, 15.48)
(-0.64, 1.69, 15.51)
(-0.66, 1.68, 15.53)
(-0.67, 1.68, 15.54)
(-0.68, 1.68, 15.55)
(-0.69, 1.68, 15.55)
(-0.69, 1.68, 15.55)
(-0.70, 1.68, 15.55)
(-0.70, 1.67, 15.55)
(-0.70, 1.67, 15.55)
(-0.71, 1.67, 15.53)
(-0.74, 1.65, 15.50)
(-0.76, 1.63, 15.45)
(-0.77, 1.61, 15.40)
(-0.77, 1.61, 15.37)
(-0.76, 1.64, 15.34)
(-0.74, 1.68, 15.32)
(-0.72, 1.73, 15.31)
(-0.69, 1.76, 15.31)
(-0.66, 1.79, 15.30)
(-0.63, 1.79, 15.30)
(-0.59, 1.78, 15.28)
(-0.57, 1.77, 15.27)
(-0.56, 1.77, 15.26)
(-0.55, 1.76, 15.25)
(-0.55, 1.76, 15.26)
(-0.57, 1.76, 15.31)
(-0.59, 1.76, 15.39)
(-0.59, 1.76, 15.49)
(-0.57, 1.77, 15.58)
(-0.55, 1.77, 15.64)
(-0.54, 1.77, 15.66)
(-0.52, 1.77, 15.70)
(-0.51, 1.77, 15.74)
(-0.50, 1.77, 15.79)
(-0.49, 1.77, 15.85)
(-0.47, 1.77, 15.89)
(-0.44, 1.77, 15.92)
(-0.42, 1.76, 15.93)
(-0.41, 1.77, 15.94)
(-0.40, 1.76, 15.95)
(-0.40, 1.76, 15.95)
(-0.41, 1.76, 15.95)
(-0.42, 1.76, 15.95)
(-0.42, 1.76, 15.96)
(-0.43, 1.76, 15.96)
(-0.44, 1.75, 15.96)
(-0.45, 1.74, 15.96)
(-0.44, 1.73, 15.98)
(-0.40, 1.70, 15.98)
(-0.36, 1.69, 15.96)
(-0.36, 1.70, 15.91)
(-0.39, 1.70, 15.88)
(-0.39, 1.70, 15.86)
(-0.40, 1.69, 15.84)
(-0.41, 1.69, 15.83)
(-0.41, 1.70, 15.84)
(-0.41, 1.69, 15.87)
(-0.41, 1.70, 15.91)
(-0.41, 1.71, 15.96)
(-0.41, 1.71, 16.00)
(-0.42, 1.70, 16.02)
(-0.43, 1.69, 16.04)
(-0.44, 1.69, 16.04)
(-0.44, 1.69, 16.02)
(-0.44, 1.70, 16.00)
(-0.46, 1.70, 15.98)
(-0.48, 1.68, 15.97)
(-0.50, 1.67, 15.99)
(-0.54, 1.66, 16.05)
(-0.58, 1.61, 16.15)
(-0.61, 1.57, 16.27)
(-0.65, 1.53, 16.38)
(-0.68, 1.48, 16.46)
(-0.71, 1.44, 16.51)
(-0.75, 1.40, 16.54)
(-0.78, 1.31, 16.56)
(-0.80, 1.20, 16.56)
(-0.81, 1.12, 16.54)
(-0.80, 1.07, 16.52)
(-0.80, 1.05, 16.48)
(-0.81, 1.07, 16.42)
(-0.83, 1.16, 16.31)
(-0.81, 1.30, 16.22)
(-0.75, 1.42, 16.13)
(-0.68, 1.48, 16.04)
(-0.63, 1.53, 15.97)
(-0.60, 1.57, 15.91)
(-0.58, 1.61, 15.87)
(-0.56, 1.64, 15.85)
(-0.55, 1.67, 15.83)
(-0.54, 1.68, 15.79)
(-0.54, 1.68, 15.76)
(-0.54, 1.68, 15.73)
(-0.53, 1.68, 15.72)
(-0.54, 1.68, 15.71)
(-0.54, 1.68, 15.69)
(-0.55, 1.68, 15.67)
(-0.56, 1.67, 15.65)
(-0.56, 1.67, 15.65)
(-0.57, 1.66, 15.65)
(-0.56, 1.66, 15.66)
(-0.57, 1.66, 15.67)
(-0.59, 1.65, 15.68)
(-0.61, 1.61, 15.67)
(-0.63, 1.56, 15.64)
(-0.65, 1.52, 15.58)
(-0.67, 1.46, 15.48)
(-0.70, 1.40, 15.38)
(-0.72, 1.34, 15.28)
(-0.75, 1.28, 15.22)
(-0.78, 1.22, 15.18)
(-0.80, 1.18, 15.16)
(-0.82, 1.15, 15.14)
(-0.83, 1.13, 15.14)
(-0.84, 1.11, 15.15)
(-0.84, 1.10, 15.15)
(-0.83, 1.13, 15.17)
(-0.83, 1.22, 15.21)
(-0.81, 1.33, 15.24)
(-0.77, 1.44, 15.27)
(-0.72, 1.52, 15.29)
(-0.66, 1.58, 15.31)
(-0.62, 1.61, 15.32)
(-0.59, 1.63, 15.32)
(-0.58, 1.64, 15.32)
(-0.59, 1.64, 15.33)
(-0.61, 1.64, 15.36)
(-0.65, 1.63, 15.40)
(-0.69, 1.62, 15.41)
(-0.71, 1.62, 15.42)
(-0.72, 1.63, 15.43)
(-0.74, 1.63, 15.43)
(-0.75, 1.62, 15.43)
(-0.76, 1.62, 15.43)
(-0.77, 1.62, 15.44)
(-0.76, 1.62, 15.45)
(-0.76, 1.62, 15.46)
(-0.74, 1.62, 15.46)
(-0.73, 1.62, 15.47)
(-0.72, 1.62, 15.48)
(-0.71, 1.62, 15.48)
(-0.71, 1.62, 15.50)
(-0.71, 1.61, 15.51)
(-0.71, 1.60, 15.53)
(-0.72, 1.60, 15.52)
(-0.72, 1.61, 15.49)
(-0.72, 1.62, 15.45)
(-0.72, 1.62, 15.43)
(-0.73, 1.62, 15.42)
(-0.75, 1.62, 15.42)
(-0.76, 1.61, 15.40)
(-0.78, 1.61, 15.40)
(-0.81, 1.60, 15.40)
(-0.84, 1.58, 15.39)
(-0.88, 1.56, 15.39)
(-0.91, 1.54, 15.39)
(-0.93, 1.52, 15.38)
(-0.95, 1.50, 15.37)
(-0.96, 1.48, 15.35)
(-0.97, 1.46, 15.33)
(-0.98, 1.42, 15.29)
(-0.99, 1.37, 15.25)
(-1.00, 1.32, 15.21)
(-0.99, 1.24, 15.17)
(-0.98, 1.18, 15.13)
(-0.97, 1.13, 15.10)
(-0.97, 1.09, 15.08)
(-0.96, 1.06, 15.08)
(-0.96, 1.05, 15.08)
(-0.96, 1.04, 15.08)
(-0.96, 1.05, 15.09)
(-0.96, 1.06, 15.09)
(-0.95, 1.06, 15.09)
(-0.95, 1.06, 15.10)
(-0.96, 1.11, 15.11)
(-0.96, 1.18, 15.14)
(-0.95, 1.27, 15.19)
(-0.94, 1.37, 15.23)
(-0.91, 1.46, 15.26)
(-0.88, 1.53, 15.29)
(-0.86, 1.59, 15.31)
(-0.84, 1.63, 15.33)
(-0.82, 1.68, 15.34)
(-0.80, 1.72, 15.35)
(-0.79, 1.75, 15.36)
(-0.79, 1.78, 15.37)
(-0.81, 1.80, 15.37)
(-0.85, 1.80, 15.38)
(-0.88, 1.80, 15.38)
(-0.90, 1.79, 15.39)
(-0.91, 1.79, 15.39)
(-0.92, 1.79, 15.38)
(-0.92, 1.76, 15.36)
(-0.91, 1.72, 15.33)
(-0.87, 1.66, 15.30)
(-0.84, 1.64, 15.28)
(-0.81, 1.63, 15.24)
(-0.79, 1.62, 15.19)
(-0.78, 1.59, 15.14)
(-0.78, 1.55, 15.11)
(-0.78, 1.53, 15.10)
(-0.79, 1.50, 15.08)
(-0.78, 1.48, 15.07)
(-0.76, 1.45, 15.05)
(-0.75, 1.42, 15.04)
(-0.76, 1.32, 15.01)
(-0.78, 1.22, 14.99)
(-0.80, 1.13, 14.99)
(-0.82, 1.06, 14.99)
(-0.85, 1.01, 14.99)
(-0.87, 0.99, 14.99)
(-0.88, 0.97, 14.99)
(-0.87, 0.95, 14.98)
(-0.85, 0.94, 14.97)
(-0.83, 0.94, 14.96)
(-0.81, 0.93, 14.95)
(-0.76, 0.91, 14.95)
(-0.72, 0.90, 14.95)
(-0.70, 0.90, 14.96)
(-0.69, 0.90, 14.95)
(-0.68, 0.90, 14.94)
(-0.67, 0.90, 14.93)
(-0.67, 0.91, 14.92)
(-0.67, 0.91, 14.91)
(-0.66, 0.91, 14.91)
(-0.65, 0.90, 14.90)
(-0.65, 0.90, 14.90)
(-0.65, 0.90, 14.91)
(-0.65, 0.90, 14.91)
(-0.65, 0.90, 14.91)
(-0.66, 0.91, 14.91)
(-0.65, 0.92, 14.91)
(-0.62, 0.94, 14.91)
(-0.60, 1.00, 14.90)
(-0.58, 1.07, 14.89)
(-0.57, 1.14, 14.90)
(-0.54, 1.21, 14.92)
(-0.50, 1.29, 14.92)
(-0.45, 1.39, 14.92)
(-0.39, 1.48, 14.96)
(-0.37, 1.52, 15.05)
(-0.39, 1.53, 15.13)
(-0.40, 1.60, 15.17)
(-0.36, 1.66, 15.22)
(-0.30, 1.69, 15.26)
(-0.23, 1.73, 15.31)
(-0.17, 1.75, 15.36)
(-0.13, 1.75, 15.40)
(-0.08, 1.75, 15.46)
(-0.04, 1.75, 15.51)
(-0.01, 1.76, 15.52)
(0.01, 1.77, 15.51)
(0.02, 1.77, 15.48)
(0.03, 1.78, 15.44)
(0.02, 1.83, 15.41)
(0.01, 1.83, 15.37)
(0.00, 1.83, 15.35)
(0.00, 1.84, 15.33)
(-0.01, 1.84, 15.31)
(-0.01, 1.84, 15.31)
(-0.02, 1.84, 15.33)
(-0.03, 1.84, 15.34)
(-0.03, 1.84, 15.35)
(-0.02, 1.84, 15.34)
(-0.01, 1.84, 15.32)
(-0.01, 1.84, 15.30)
(0.00, 1.85, 15.29)
(0.00, 1.85, 15.29)
(0.00, 1.84, 15.30)
(0.00, 1.83, 15.31)
(0.00, 1.79, 15.34)
(0.01, 1.77, 15.36)
(0.01, 1.78, 15.38)
(0.02, 1.79, 15.40)
(0.03, 1.80, 15.40)
(0.04, 1.81, 15.42)
(0.03, 1.81, 15.44)
(0.02, 1.82, 15.46)
(0.02, 1.82, 15.48)
(0.02, 1.83, 15.48)
(0.02, 1.83, 15.48)
(0.02, 1.83, 15.48)
(0.02, 1.84, 15.48)
(0.02, 1.85, 15.49)
(0.01, 1.85, 15.48)
(0.01, 1.85, 15.48)
(0.00, 1.85, 15.49)
(0.00, 1.85, 15.49)
(-0.01, 1.86, 15.49)
(-0.02, 1.86, 15.48)
(-0.02, 1.86, 15.48)
(-0.02, 1.86, 15.47)
(-0.03, 1.87, 15.47)
(-0.03, 1.87, 15.47)
(-0.03, 1.87, 15.46)
(-0.03, 1.87, 15.46)
(-0.03, 1.88, 15.46)
(-0.03, 1.88, 15.46)
(-0.03, 1.88, 15.45)
(-0.03, 1.88, 15.45)
(-0.03, 1.88, 15.45)
(-0.02, 1.88, 15.45)
(-0.02, 1.88, 15.45)
(-0.02, 1.87, 15.45)
(0.02, 1.82, 15.43)
(0.04, 1.78, 15.39)
(0.06, 1.75, 15.36)
(0.08, 1.74, 15.35)
(0.12, 1.72, 15.36)
(0.16, 1.68, 15.40)
(0.23, 1.60, 15.42)
(0.28, 1.55, 15.42)
(0.34, 1.54, 15.40)
(0.43, 1.49, 15.38)
(0.54, 1.44, 15.34)
(0.64, 1.38, 15.32)
(0.72, 1.32, 15.33)
(0.79, 1.28, 15.37)
(0.84, 1.27, 15.42)
(0.89, 1.24, 15.46)
(0.96, 1.16, 15.48)
(1.05, 1.08, 15.48)
(1.15, 1.00, 15.49)
(1.21, 0.93, 15.49)
(1.25, 0.90, 15.49)
(1.27, 0.88, 15.49)
(1.29, 0.87, 15.50)
(1.33, 0.84, 15.52)
(1.40, 0.78, 15.55)
(1.48, 0.72, 15.57)
(1.53, 0.67, 15.59)
(1.56, 0.64, 15.59)
(1.57, 0.64, 15.59)
(1.57, 0.66, 15.58)
(1.58, 0.68, 15.57)
(1.58, 0.70, 15.54)
(1.58, 0.72, 15.52)
(1.59, 0.72, 15.52)
(1.60, 0.70, 15.52)
(1.60, 0.71, 15.52)
(1.58, 0.72, 15.53)
(1.54, 0.76, 15.55)
(1.48, 0.83, 15.56)
(1.39, 0.91, 15.56)
(1.27, 1.03, 15.56)
(1.12, 1.14, 15.57)
(0.98, 1.25, 15.57)
(0.87, 1.34, 15.57)
(0.78, 1.42, 15.57)
(0.70, 1.48, 15.57)
(0.64, 1.52, 15.56)
(0.60, 1.56, 15.55)
(0.56, 1.59, 15.54)
(0.53, 1.61, 15.52)
(0.51, 1.62, 15.50)
(0.49, 1.63, 15.48)
(0.49, 1.64, 15.47)
(0.48, 1.65, 15.47)
(0.47, 1.67, 15.46)
(0.47, 1.69, 15.46)
(0.46, 1.70, 15.46)
(0.45, 1.72, 15.47)
(0.45, 1.74, 15.47)
(0.45, 1.76, 15.47)
(0.45, 1.78, 15.47)
(0.46, 1.79, 15.46)
(0.47, 1.80, 15.45)
(0.47, 1.81, 15.45)
(0.47, 1.82, 15.44)
(0.47, 1.83, 15.44)
(0.46, 1.83, 15.43)
(0.46, 1.84, 15.42)
(0.46, 1.85, 15.42)
(0.45, 1.86, 15.42)
(0.44, 1.86, 15.41)
(0.44, 1.87, 15.41)
(0.44, 1.87, 15.41)
(0.44, 1.87, 15.41)
(0.45, 1.86, 15.41)
(0.45, 1.86, 15.41)
(0.45, 1.86, 15.41)
(0.45, 1.86, 15.41)
(0.44, 1.86, 15.41)
(0.45, 1.86, 15.40)
(0.45, 1.85, 15.39)
(0.45, 1.84, 15.39)
(0.45, 1.83, 15.39)
(0.45, 1.83, 15.39)
(0.45, 1.83, 15.40)
(0.45, 1.83, 15.40)
(0.45, 1.83, 15.40)
(0.45, 1.83, 15.40)
(0.45, 1.82, 15.40)
(0.46, 1.82, 15.40)
(0.46, 1.82, 15.41)
(0.46, 1.81, 15.47)
(0.44, 1.79, 15.51)
(0.43, 1.79, 15.52)
(0.44, 1.78, 15.53)
(0.44, 1.78, 15.55)
(0.43, 1.77, 15.58)
(0.41, 1.76, 15.60)
(0.40, 1.75, 15.61)
(0.40, 1.75, 15.62)
(0.39, 1.75, 15.62)
(0.40, 1.75, 15.64)
(0.42, 1.74, 15.66)
(0.47, 1.72, 15.69)
(0.54, 1.70, 15.71)
(0.66, 1.68, 15.73)
(0.80, 1.65, 15.74)
(0.95, 1.63, 15.77)
(1.06, 1.62, 15.80)
(1.12, 1.64, 15.83)
(1.17, 1.64, 15.87)
(1.20, 1.64, 15.92)
(1.22, 1.63, 15.99)
(1.25, 1.62, 16.08)
(1.29, 1.58, 16.20)
(1.35, 1.52, 16.37)
(1.44, 1.48, 16.54)
(1.51, 1.45, 16.65)
(1.59, 1.42, 16.73)
(1.67, 1.38, 16.81)
(1.76, 1.33, 16.88)
(1.85, 1.28, 16.94)
(1.91, 1.22, 16.98)
(1.95, 1.18, 17.03)
(1.96, 1.16, 17.06)
(1.96, 1.14, 17.08)
(1.96, 1.15, 17.09)
(1.95, 1.14, 17.09)
(1.93, 1.15, 17.11)
(1.89, 1.15, 17.13)
(1.88, 1.16, 17.13)
(1.87, 1.17, 17.13)
(1.88, 1.17, 17.11)
(1.89, 1.19, 17.08)
(1.90, 1.19, 17.08)
(1.90, 1.19, 17.07)
(1.92, 1.19, 17.06)
(1.93, 1.19, 17.06)
(1.94, 1.19, 17.06)
(1.94, 1.19, 17.06)
(1.94, 1.20, 17.07)
(1.92, 1.21, 17.08)
(1.90, 1.22, 17.09)
(1.88, 1.24, 17.10)
(1.85, 1.26, 17.11)
(1.81, 1.27, 17.13)
(1.77, 1.28, 17.14)
(1.73, 1.30, 17.15)
(1.70, 1.31, 17.15)
(1.66, 1.33, 17.15)
(1.63, 1.35, 17.15)
(1.60, 1.40, 17.13)
(1.58, 1.44, 17.11)
(1.57, 1.49, 17.08)
(1.58, 1.58, 17.03)
(1.62, 1.63, 16.97)
(1.64, 1.65, 16.91)
(1.66, 1.65, 16.87)
(1.64, 1.66, 16.89)
(1.50, 1.71, 16.89)
(1.41, 1.73, 16.78)
(1.38, 1.72, 16.72)
(1.34, 1.71, 16.69)
(1.30, 1.72, 16.65)
(1.25, 1.72, 16.62)
(1.18, 1.72, 16.58)
(1.13, 1.71, 16.55)
(1.00, 1.70, 16.50)
(0.89, 1.71, 16.43)
(0.81, 1.72, 16.37)
(0.76, 1.73, 16.36)
(0.72, 1.74, 16.38)
(0.70, 1.74, 16.41)
(0.72, 1.74, 16.45)
(0.74, 1.76, 16.53)
(0.75, 1.76, 16.59)
(0.76, 1.75, 16.65)
(0.75, 1.75, 16.68)
(0.73, 1.77, 16.70)
(0.71, 1.83, 16.70)
(0.68, 1.84, 16.64)
(0.62, 1.84, 16.55)
(0.57, 1.82, 16.45)
(0.55, 1.80, 16.40)
(0.51, 1.79, 16.35)
(0.49, 1.80, 16.36)
(0.46, 1.82, 16.45)
(0.54, 1.82, 16.59)
(0.70, 1.82, 16.60)
(0.79, 1.80, 16.51)
(0.81, 1.80, 16.43)
(0.80, 1.80, 16.39)
(0.79, 1.79, 16.34)
(0.77, 1.79, 16.29)
(0.76, 1.79, 16.27)
(0.76, 1.79, 16.24)
(0.77, 1.80, 16.22)
(0.79, 1.81, 16.18)
(0.83, 1.82, 16.12)
(0.87, 1.82, 16.07)
(0.91, 1.83, 16.00)
(0.95, 1.83, 15.92)
(0.98, 1.80, 15.84)
(1.01, 1.77, 15.78)
(1.04, 1.73, 15.75)
(1.05, 1.71, 15.75)
(1.06, 1.71, 15.75)
(1.08, 1.69, 15.73)
(1.13, 1.66, 15.70)
(1.18, 1.63, 15.63)
(1.22, 1.59, 15.54)
(1.25, 1.58, 15.45)
(1.26, 1.58, 15.38)
(1.26, 1.62, 15.35)
(1.24, 1.65, 15.32)
(1.22, 1.68, 15.27)
(1.20, 1.71, 15.26)
(1.18, 1.75, 15.27)
(1.18, 1.79, 15.29)
(1.18, 1.79, 15.30)
(1.18, 1.81, 15.28)
(1.19, 1.83, 15.25)
(1.23, 1.83, 15.20)
(1.28, 1.84, 15.15)
(1.35, 1.84, 15.08)
(1.44, 1.85, 15.00)
(1.50, 1.86, 14.94)
(1.53, 1.87, 14.91)
(1.54, 1.87, 14.87)
(1.55, 1.88, 14.86)
(1.56, 1.88, 14.89)
(1.54, 1.84, 14.95)
(1.51, 1.79, 15.00)
(1.47, 1.78, 15.03)
(1.41, 1.78, 15.07)
(1.32, 1.78, 15.12)
(1.24, 1.78, 15.19)
(1.17, 1.80, 15.25)
(1.12, 1.80, 15.30)
(1.09, 1.81, 15.35)
(1.08, 1.81, 15.40)
(1.07, 1.81, 15.45)
(1.07, 1.86, 15.52)
(1.11, 1.86, 15.59)
(1.19, 1.81, 15.69)
(1.30, 1.75, 15.82)
(1.42, 1.73, 15.98)
(1.52, 1.74, 16.11)
(1.58, 1.76, 16.21)
(1.61, 1.77, 16.28)
(1.63, 1.78, 16.34)
(1.64, 1.79, 16.40)
(1.65, 1.79, 16.48)
(1.65, 1.78, 16.55)
(1.65, 1.78, 16.64)
(1.63, 1.79, 16.73)
(1.63, 1.79, 16.80)
(1.63, 1.79, 16.84)
(1.62, 1.81, 16.87)
(1.63, 1.81, 16.88)
(1.64, 1.82, 16.88)
(1.65, 1.82, 16.89)
(1.66, 1.82, 16.90)
(1.67, 1.82, 16.89)
(1.68, 1.81, 16.89)
(1.69, 1.79, 16.88)
(1.71, 1.78, 16.89)
(1.73, 1.78, 16.90)
(1.75, 1.79, 16.92)
(1.77, 1.79, 16.93)
(1.79, 1.79, 16.93)
(1.80, 1.79, 16.93)
(1.82, 1.79, 16.93)
(1.82, 1.78, 16.93)
(1.81, 1.78, 16.92)
(1.78, 1.77, 16.92)
(1.73, 1.77, 16.91)
(1.69, 1.77, 16.91)
(1.67, 1.76, 16.91)
(1.64, 1.74, 16.90)
(1.61, 1.74, 16.89)
(1.59, 1.75, 16.87)
(1.58, 1.76, 16.85)
(1.58, 1.76, 16.83)
(1.58, 1.76, 16.82)
(1.57, 1.78, 16.82)
(1.57, 1.79, 16.82)
(1.56, 1.79, 16.82)
(1.56, 1.80, 16.82)
(1.55, 1.82, 16.81)
(1.54, 1.85, 16.79)
(1.54, 1.87, 16.76)
(1.53, 1.85, 16.75)
(1.54, 1.80, 16.76)
(1.55, 1.75, 16.77)
(1.56, 1.73, 16.76)
(1.58, 1.73, 16.74)
(1.58, 1.73, 16.74)
(1.59, 1.72, 16.74)
(1.58, 1.69, 16.76)
(1.58, 1.66, 16.77)
(1.59, 1.64, 16.77)
(1.62, 1.65, 16.77)
(1.64, 1.69, 16.76)
(1.65, 1.72, 16.75)
(1.64, 1.73, 16.74)
(1.63, 1.74, 16.74)
(1.62, 1.76, 16.75)
(1.60, 1.77, 16.77)
(1.59, 1.77, 16.79)
(1.56, 1.75, 16.82)
(1.55, 1.74, 16.84)
(1.56, 1.74, 16.86)
(1.59, 1.75, 16.86)
(1.64, 1.75, 16.86)
(1.67, 1.75, 16.85)
(1.70, 1.76, 16.86)
(1.72, 1.76, 16.87)
(1.73, 1.76, 16.88)
(1.74, 1.76, 16.88)
(1.74, 1.77, 16.89)
(1.71, 1.77, 16.90)
(1.70, 1.77, 16.91)
(1.71, 1.76, 16.91)
(1.72, 1.77, 16.90)
(1.72, 1.78, 16.89)
(1.72, 1.78, 16.87)
(1.72, 1.78, 16.86)
(1.71, 1.78, 16.85)
(1.71, 1.78, 16.85)
(1.70, 1.78, 16.85)
(1.69, 1.78, 16.84)
(1.67, 1.77, 16.84)
(1.66, 1.77, 16.84)
(1.66, 1.75, 16.83)
(1.64, 1.73, 16.80)
(1.61, 1.71, 16.78)
(1.58, 1.70, 16.77)
(1.55, 1.70, 16.77)
(1.53, 1.70, 16.76)
(1.51, 1.71, 16.74)
(1.50, 1.72, 16.72)
(1.49, 1.71, 16.71)
(1.50, 1.71, 16.69)
(1.50, 1.72, 16.68)
(1.50, 1.73, 16.66)
(1.50, 1.74, 16.65)
(1.49, 1.77, 16.65)
(1.48, 1.81, 16.65)
(1.47, 1.82, 16.63)
(1.46, 1.83, 16.61)
(1.45, 1.83, 16.59)
(1.45, 1.84, 16.58)
(1.46, 1.80, 16.60)
(1.47, 1.74, 16.65)
(1.47, 1.66, 16.71)
(1.49, 1.65, 16.73)
(1.50, 1.65, 16.72)
(1.50, 1.65, 16.70)
(1.49, 1.66, 16.67)
(1.43, 1.68, 16.68)
(1.28, 1.70, 16.64)
(1.19, 1.72, 16.53)
(1.12, 1.73, 16.44)
(1.05, 1.73, 16.36)
(0.98, 1.73, 16.31)
(0.88, 1.73, 16.27)
(0.79, 1.72, 16.22)
(0.73, 1.73, 16.18)
(0.69, 1.74, 16.14)
(0.65, 1.75, 16.11)
(0.62, 1.75, 16.09)
(0.57, 1.74, 16.09)
(0.52, 1.72, 16.09)
(0.44, 1.70, 16.13)
(0.34, 1.69, 16.17)
(0.22, 1.69, 16.19)
(0.13, 1.69, 16.20)
(0.06, 1.69, 16.17)
(0.03, 1.68, 16.11)
(0.02, 1.66, 16.04)
(0.02, 1.65, 15.97)
(-0.03, 1.64, 15.88)
(-0.09, 1.61, 15.77)
(-0.18, 1.55, 15.64)
(-0.26, 1.48, 15.49)
(-0.31, 1.43, 15.39)
(-0.33, 1.43, 15.34)
(-0.29, 1.48, 15.33)
(-0.25, 1.53, 15.36)
(-0.17, 1.60, 15.43)
(-0.09, 1.67, 15.55)
(0.01, 1.75, 15.75)
(0.06, 1.77, 15.89)
(0.10, 1.78, 15.99)
(0.13, 1.76, 16.06)
(0.16, 1.78, 16.10)
(0.21, 1.78, 16.11)
(0.29, 1.78, 16.10)
(0.37, 1.78, 16.07)
(0.48, 1.77, 16.02)
(0.58, 1.78, 15.96)
(0.65, 1.80, 15.93)
(0.70, 1.81, 15.93)
(0.74, 1.81, 15.94)
(0.80, 1.80, 15.95)
(0.85, 1.78, 15.98)
(0.92, 1.77, 16.03)
(0.98, 1.77, 16.10)
(1.05, 1.78, 16.18)
(1.11, 1.78, 16.25)
(1.15, 1.79, 16.31)
(1.18, 1.80, 16.37)
(1.22, 1.80, 16.42)
(1.28, 1.79, 16.46)
(1.34, 1.78, 16.50)
(1.42, 1.78, 16.53)
(1.50, 1.79, 16.56)
(1.56, 1.79, 16.58)
(1.60, 1.80, 16.60)
(1.62, 1.80, 16.62)
(1.64, 1.79, 16.65)
(1.63, 1.77, 16.68)
(1.59, 1.67, 16.75)
(1.56, 1.62, 16.79)
(1.55, 1.62, 16.83)
(1.56, 1.62, 16.85)
(1.58, 1.64, 16.84)
(1.57, 1.65, 16.83)
(1.55, 1.67, 16.83)
(1.54, 1.68, 16.83)
(1.53, 1.68, 16.83)
(1.52, 1.70, 16.83)
(1.51, 1.74, 16.82)
(1.50, 1.77, 16.81)
(1.49, 1.79, 16.80)
(1.48, 1.80, 16.80)
(1.47, 1.81, 16.80)
(1.47, 1.80, 16.80)
(1.47, 1.79, 16.80)
(1.47, 1.78, 16.80)
(1.47, 1.78, 16.80)
(1.48, 1.78, 16.81)
(1.48, 1.77, 16.82)
(1.48, 1.76, 16.84)
(1.48, 1.76, 16.85)
(1.47, 1.76, 16.85)
(1.47, 1.76, 16.84)
(1.47, 1.76, 16.84)
(1.46, 1.77, 16.84)
(1.45, 1.77, 16.84)
(1.44, 1.77, 16.85)
(1.44, 1.78, 16.84)
(1.45, 1.78, 16.83)
(1.46, 1.77, 16.81)
(1.46, 1.76, 16.75)
(1.43, 1.77, 16.68)
(1.37, 1.78, 16.61)
(1.31, 1.77, 16.55)
(1.26, 1.76, 16.50)
(1.22, 1.75, 16.45)
(1.17, 1.75, 16.40)
(1.14, 1.75, 16.36)
(1.11, 1.74, 16.34)
(1.07, 1.73, 16.32)
(1.05, 1.73, 16.31)
(1.03, 1.73, 16.30)
(1.02, 1.73, 16.30)
(1.00, 1.74, 16.29)
(0.96, 1.74, 16.30)
(0.96, 1.74, 16.29)
(0.95, 1.74, 16.30)
(0.94, 1.74, 16.30)
(0.93, 1.74, 16.30)
(0.94, 1.74, 16.30)
(0.96, 1.73, 16.30)
(0.99, 1.73, 16.29)
(1.04, 1.73, 16.29)
(1.14, 1.73, 16.32)
(1.21, 1.74, 16.42)
(1.21, 1.71, 16.46)
(1.23, 1.68, 16.48)
(1.24, 1.68, 16.51)
(1.26, 1.68, 16.56)
(1.27, 1.68, 16.61)
(1.30, 1.69, 16.65)
(1.34, 1.71, 16.68)
(1.38, 1.74, 16.70)
(1.41, 1.74, 16.73)
(1.44, 1.74, 16.75)
(1.46, 1.76, 16.77)
(1.48, 1.78, 16.77)
(1.50, 1.79, 16.73)
(1.51, 1.79, 16.68)
(1.53, 1.79, 16.65)
(1.55, 1.80, 16.61)
(1.56, 1.80, 16.58)
(1.57, 1.81, 16.56)
(1.57, 1.82, 16.55)
(1.57, 1.82, 16.55)
(1.55, 1.82, 16.55)
(1.55, 1.82, 16.56)
(1.54, 1.82, 16.56)
(1.52, 1.82, 16.57)
(1.51, 1.82, 16.58)
(1.49, 1.81, 16.59)
(1.48, 1.81, 16.60)
(1.48, 1.81, 16.60)
(1.49, 1.82, 16.60)
(1.51, 1.82, 16.60)
(1.52, 1.82, 16.60)
(1.51, 1.81, 16.60)
(1.50, 1.80, 16.61)
(1.50, 1.79, 16.62)
(1.50, 1.78, 16.63)
(1.49, 1.78, 16.63)
(1.48, 1.77, 16.64)
(1.48, 1.77, 16.65)
(1.48, 1.77, 16.65)
(1.47, 1.77, 16.66)
(1.46, 1.77, 16.66)
(1.45, 1.77, 16.67)
(1.45, 1.78, 16.67)
(1.45, 1.78, 16.67)
(1.45, 1.78, 16.67)
(1.45, 1.78, 16.67)
(1.46, 1.79, 16.66)
(1.46, 1.79, 16.66)
(1.47, 1.78, 16.66)
(1.48, 1.78, 16.66)
(1.50, 1.78, 16.65)
(1.51, 1.78, 16.65)
(1.52, 1.78, 16.64)
(1.53, 1.78, 16.64)
(1.54, 1.78, 16.64)
(1.55, 1.78, 16.64)
(1.55, 1.78, 16.63)
(1.56, 1.78, 16.63)
(1.57, 1.78, 16.62)
(1.58, 1.78, 16.61)
(1.58, 1.78, 16.61)
(1.58, 1.79, 16.61)
(1.57, 1.78, 16.62)
(1.56, 1.78, 16.62)
(1.55, 1.78, 16.62)
(1.54, 1.78, 16.63)
(1.54, 1.78, 16.63)
(1.53, 1.77, 16.63)
(1.53, 1.77, 16.63)
(1.53, 1.77, 16.63)
(1.53, 1.77, 16.63)
(1.53, 1.77, 16.63)
(1.53, 1.77, 16.63)
(1.53, 1.77, 16.63)
(1.54, 1.77, 16.63)
(1.54, 1.77, 16.63)
(1.54, 1.77, 16.63)
(1.55, 1.77, 16.63)
(1.55, 1.77, 16.63)
(1.55, 1.77, 16.63)
(1.56, 1.77, 16.63)
(1.56, 1.78, 16.63)
(1.56, 1.78, 16.63)
(1.56, 1.78, 16.63)
(1.56, 1.77, 16.63)
(1.55, 1.77, 16.63)
(1.56, 1.77, 16.63)
(1.56, 1.77, 16.63)
(1.56, 1.78, 16.63)
(1.57, 1.78, 16.62)
(1.58, 1.78, 16.62)
(1.59, 1.79, 16.60)
(1.60, 1.79, 16.59)
(1.63, 1.80, 16.56)
(1.64, 1.80, 16.52)
(1.65, 1.79, 16.49)
(1.65, 1.79, 16.47)
(1.65, 1.79, 16.44)
(1.66, 1.78, 16.42)
(1.65, 1.77, 16.40)
(1.64, 1.76, 16.40)
(1.61, 1.75, 16.41)
(1.57, 1.76, 16.42)
(1.54, 1.77, 16.44)
(1.52, 1.79, 16.47)
(1.51, 1.81, 16.50)
(1.50, 1.81, 16.52)
(1.49, 1.82, 16.54)
(1.48, 1.82, 16.53)
(1.46, 1.82, 16.54)
(1.45, 1.77, 16.60)
(1.41, 1.69, 16.66)
(1.40, 1.67, 16.68)
(1.39, 1.66, 16.69)
(1.38, 1.67, 16.69)
(1.37, 1.67, 16.70)
(1.36, 1.66, 16.72)
(1.35, 1.65, 16.75)
(1.35, 1.66, 16.76)
(1.35, 1.66, 16.77)
(1.35, 1.67, 16.76)
(1.36, 1.67, 16.76)
(1.36, 1.68, 16.75)
(1.36, 1.69, 16.74)
(1.36, 1.67, 16.75)
(1.35, 1.66, 16.77)
(1.35, 1.69, 16.78)
(1.33, 1.74, 16.80)
(1.31, 1.75, 16.79)
(1.31, 1.76, 16.77)
(1.30, 1.77, 16.75)
(1.29, 1.79, 16.74)
(1.28, 1.80, 16.74)
(1.27, 1.79, 16.75)
(1.25, 1.78, 16.76)
(1.23, 1.77, 16.77)
(1.23, 1.77, 16.77)
(1.23, 1.77, 16.77)
(1.23, 1.77, 16.77)
(1.22, 1.78, 16.76)
(1.22, 1.78, 16.76)
(1.23, 1.80, 16.75)
(1.22, 1.83, 16.74)
(1.23, 1.84, 16.72)
(1.24, 1.83, 16.70)
(1.27, 1.80, 16.68)
(1.30, 1.79, 16.65)
(1.32, 1.76, 16.56)
(1.31, 1.74, 16.50)
(1.29, 1.73, 16.44)
(1.28, 1.73, 16.39)
(1.26, 1.73, 16.35)
(1.23, 1.72, 16.30)
(1.20, 1.71, 16.23)
(1.17, 1.69, 16.16)
(1.15, 1.64, 16.09)
(1.13, 1.62, 16.03)
(1.09, 1.63, 15.99)
(1.05, 1.64, 15.94)
(1.04, 1.66, 15.93)
(1.02, 1.68, 15.91)
(1.01, 1.68, 15.91)
(1.02, 1.66, 15.90)
(1.03, 1.62, 15.90)
(1.02, 1.60, 15.88)
(0.97, 1.61, 15.84)
(0.89, 1.63, 15.80)
(0.83, 1.63, 15.80)
(0.80, 1.64, 15.80)
(0.78, 1.65, 15.79)
(0.74, 1.67, 15.79)
(0.69, 1.68, 15.79)
(0.66, 1.69, 15.80)
(0.64, 1.69, 15.81)
(0.63, 1.70, 15.84)
(0.62, 1.70, 15.86)
(0.63, 1.69, 15.89)
(0.64, 1.70, 15.91)
(0.65, 1.71, 15.93)
(0.67, 1.71, 15.95)
(0.69, 1.73, 15.95)
(0.72, 1.73, 15.95)
(0.75, 1.72, 15.94)
(0.78, 1.72, 15.94)
(0.79, 1.74, 15.94)
(0.79, 1.76, 15.96)
(0.80, 1.78, 15.98)
(0.81, 1.79, 16.00)
(0.82, 1.80, 16.02)
(0.82, 1.81, 16.05)
(0.83, 1.81, 16.07)
(0.83, 1.81, 16.10)
(0.83, 1.81, 16.12)
(0.84, 1.81, 16.13)
(0.84, 1.81, 16.09)
(0.92, 1.82, 15.94)
(1.13, 1.82, 15.85)
(1.22, 1.78, 16.06)
(1.18, 1.76, 16.12)
(1.13, 1.75, 16.13)
(1.09, 1.74, 16.13)
(1.07, 1.72, 16.13)
(1.06, 1.70, 16.14)
(1.07, 1.69, 16.17)
(1.09, 1.69, 16.20)
(1.13, 1.69, 16.24)
(1.17, 1.70, 16.28)
(1.20, 1.71, 16.31)
(1.24, 1.72, 16.34)
(1.28, 1.72, 16.36)
(1.31, 1.72, 16.37)
(1.31, 1.75, 16.36)
(1.24, 1.79, 16.33)
(1.20, 1.79, 16.24)
(1.19, 1.79, 16.20)
(1.16, 1.79, 16.19)
(1.12, 1.79, 16.18)
(1.06, 1.78, 16.18)
(0.98, 1.78, 16.18)
(0.88, 1.78, 16.17)
(0.81, 1.78, 16.17)
(0.76, 1.79, 16.17)
(0.69, 1.79, 16.19)
(0.62, 1.79, 16.22)
(0.55, 1.78, 16.28)
(0.48, 1.77, 16.37)
(0.40, 1.77, 16.48)
(0.34, 1.79, 16.58)
(0.30, 1.79, 16.63)
(0.28, 1.79, 16.65)
(0.26, 1.77, 16.66)
(0.24, 1.77, 16.66)
(0.22, 1.76, 16.66)
(0.19, 1.75, 16.65)
(0.12, 1.75, 16.62)
(0.05, 1.74, 16.59)
(-0.05, 1.74, 16.55)
(-0.16, 1.74, 16.49)
(-0.26, 1.76, 16.44)
(-0.34, 1.78, 16.40)
(-0.42, 1.80, 16.38)
(-0.47, 1.80, 16.37)
(-0.57, 1.80, 16.36)
(-0.67, 1.78, 16.36)
(-0.79, 1.78, 16.37)
(-0.86, 1.79, 16.38)
(-0.90, 1.80, 16.40)
(-0.91, 1.81, 16.41)
(-0.91, 1.81, 16.41)
(-0.91, 1.80, 16.39)
(-0.92, 1.79, 16.36)
(-0.92, 1.78, 16.33)
(-0.93, 1.78, 16.30)
(-0.94, 1.78, 16.24)
(-0.94, 1.78, 16.20)
(-0.92, 1.78, 16.16)
(-0.89, 1.78, 16.12)
(-0.85, 1.77, 16.08)
(-0.81, 1.77, 16.05)
(-0.77, 1.78, 16.02)
(-0.74, 1.78, 16.00)
(-0.71, 1.79, 15.98)
(-0.70, 1.79, 15.95)
(-0.70, 1.79, 15.91)
(-0.72, 1.75, 15.85)
(-0.76, 1.70, 15.80)
(-0.80, 1.65, 15.75)
(-0.86, 1.64, 15.71)
(-0.92, 1.65, 15.68)
(-0.96, 1.65, 15.68)
(-0.98, 1.65, 15.68)
(-0.99, 1.65, 15.68)
(-0.99, 1.64, 15.69)
(-0.95, 1.63, 15.69)
(-0.91, 1.62, 15.68)
(-0.87, 1.62, 15.68)
(-0.85, 1.61, 15.68)
(-0.82, 1.58, 15.67)
(-0.80, 1.57, 15.66)
(-0.78, 1.55, 15.65)
(-0.74, 1.56, 15.64)
(-0.65, 1.59, 15.63)
(-0.55, 1.62, 15.67)
(-0.47, 1.65, 15.74)
(-0.39, 1.69, 15.83)
(-0.32, 1.71, 15.92)
(-0.27, 1.73, 15.99)
(-0.22, 1.74, 16.03)
(-0.17, 1.75, 16.03)
(-0.12, 1.76, 16.02)
(-0.07, 1.76, 15.99)
(0.00, 1.75, 15.93)
(0.08, 1.75, 15.86)
(0.16, 1.78, 15.78)
(0.22, 1.79, 15.72)
(0.27, 1.80, 15.70)
(0.31, 1.80, 15.69)
(0.37, 1.80, 15.70)
(0.44, 1.77, 15.72)
(0.52, 1.74, 15.77)
(0.63, 1.72, 15.83)
(0.74, 1.72, 15.89)
(0.82, 1.72, 15.93)
(0.90, 1.73, 15.97)
(0.98, 1.75, 16.01)
(1.06, 1.76, 16.06)
(1.13, 1.76, 16.10)
(1.19, 1.76, 16.15)
(1.24, 1.78, 16.18)
(1.28, 1.79, 16.21)
(1.31, 1.79, 16.22)
(1.33, 1.79, 16.23)
(1.34, 1.79, 16.24)
(1.35, 1.79, 16.24)
(1.36, 1.78, 16.24)
(1.36, 1.78, 16.24)
(1.36, 1.78, 16.24)
(1.35, 1.78, 16.24)
(1.34, 1.78, 16.24)
(1.34, 1.78, 16.23)
(1.32, 1.78, 16.23)
(1.25, 1.78, 16.22)
(1.16, 1.78, 16.18)
(1.12, 1.77, 16.10)
(1.10, 1.77, 16.04)
(1.08, 1.77, 16.02)
(1.06, 1.77, 16.01)
(1.04, 1.77, 16.01)
(1.02, 1.76, 16.01)
(0.99, 1.76, 16.01)
(0.94, 1.73, 15.99)
(0.88, 1.70, 15.96)
(0.80, 1.69, 15.92)
(0.68, 1.68, 15.85)
(0.55, 1.69, 15.76)
(0.46, 1.71, 15.70)
(0.40, 1.77, 15.71)
(0.39, 1.81, 15.78)
(0.45, 1.81, 15.86)
(0.54, 1.79, 15.89)
(0.62, 1.77, 15.91)
(0.70, 1.75, 15.95)
(0.81, 1.73, 15.98)
(0.93, 1.71, 15.99)
(1.02, 1.72, 15.98)
(1.00, 1.70, 15.98)
(0.92, 1.68, 15.97)
(0.89, 1.66, 15.98)
(0.89, 1.65, 16.02)
(0.89, 1.65, 16.06)
(0.89, 1.66, 16.11)
(0.90, 1.66, 16.15)
(0.92, 1.63, 16.17)
(0.91, 1.60, 16.19)
(0.91, 1.58, 16.20)
(0.91, 1.56, 16.20)
(0.93, 1.56, 16.19)
(0.95, 1.56, 16.16)
(0.97, 1.56, 16.13)
(1.00, 1.56, 16.10)
(1.01, 1.57, 16.07)
(1.02, 1.58, 16.06)
(1.03, 1.60, 16.05)
(1.04, 1.62, 16.05)
(1.05, 1.63, 16.05)
(1.06, 1.64, 16.06)
(1.07, 1.65, 16.07)
(1.08, 1.66, 16.07)
(1.08, 1.67, 16.08)
(1.08, 1.68, 16.08)
(1.07, 1.69, 16.08)
(1.07, 1.70, 16.09)
(1.06, 1.70, 16.10)
(1.06, 1.70, 16.10)
(1.07, 1.70, 16.10)
(1.08, 1.72, 16.11)
(1.10, 1.72, 16.11)
(1.13, 1.72, 16.11)
(1.14, 1.74, 16.13)
(1.17, 1.77, 16.16)
(1.18, 1.78, 16.21)
(1.18, 1.77, 16.28)
(1.17, 1.77, 16.36)
(1.15, 1.78, 16.44)
(1.13, 1.78, 16.49)
(1.13, 1.78, 16.52)
(1.13, 1.79, 16.54)
(1.12, 1.78, 16.56)
(1.13, 1.79, 16.58)
(1.14, 1.79, 16.61)
(1.15, 1.80, 16.63)
(1.16, 1.81, 16.64)
(1.18, 1.81, 16.64)
(1.21, 1.81, 16.63)
(1.23, 1.81, 16.63)
(1.26, 1.80, 16.62)
(1.28, 1.76, 16.63)
(1.31, 1.71, 16.63)
(1.35, 1.67, 16.65)
(1.37, 1.66, 16.66)
(1.39, 1.65, 16.67)
(1.40, 1.64, 16.69)
(1.42, 1.63, 16.71)
(1.45, 1.61, 16.74)
(1.47, 1.60, 16.77)
(1.47, 1.58, 16.79)
(1.47, 1.57, 16.80)
(1.46, 1.57, 16.79)
(1.44, 1.57, 16.78)
(1.43, 1.58, 16.76)
(1.42, 1.59, 16.74)
(1.41, 1.60, 16.73)
(1.39, 1.63, 16.73)
(1.37, 1.65, 16.72)
(1.36, 1.66, 16.72)
(1.37, 1.68, 16.71)
(1.39, 1.71, 16.70)
(1.41, 1.75, 16.66)
(1.40, 1.76, 16.64)
(1.39, 1.77, 16.64)
(1.38, 1.77, 16.64)
(1.37, 1.78, 16.63)
(1.35, 1.78, 16.63)
(1.34, 1.79, 16.62)
(1.34, 1.79, 16.61)
(1.33, 1.80, 16.61)
(1.32, 1.80, 16.60)
(1.32, 1.80, 16.59)
(1.32, 1.80, 16.59)
(1.31, 1.80, 16.59)
(1.31, 1.80, 16.59)
(1.31, 1.80, 16.59)
(1.30, 1.80, 16.59)
(1.30, 1.79, 16.60)
(1.29, 1.78, 16.61)
(1.28, 1.77, 16.62)
(1.28, 1.77, 16.62)
(1.28, 1.77, 16.63)
(1.28, 1.77, 16.63)
(1.28, 1.77, 16.63)
(1.28, 1.77, 16.63)
(1.28, 1.78, 16.63)
(1.29, 1.78, 16.63)
(1.29, 1.78, 16.63)
(1.30, 1.79, 16.63)
(1.31, 1.79, 16.64)
(1.33, 1.78, 16.65)
(1.38, 1.78, 16.68)
(1.43, 1.78, 16.70)
(1.50, 1.77, 16.73)
(1.57, 1.77, 16.76)
(1.64, 1.77, 16.79)
(1.67, 1.77, 16.81)
(1.70, 1.77, 16.82)
(1.71, 1.77, 16.83)
(1.73, 1.77, 16.84)
(1.74, 1.77, 16.84)
(1.75, 1.77, 16.84)
(1.75, 1.76, 16.84)
(1.75, 1.76, 16.84)
(1.75, 1.76, 16.84)
(1.75, 1.77, 16.83)
(1.75, 1.77, 16.83)
(1.75, 1.77, 16.82)
(1.75, 1.78, 16.81)
(1.76, 1.78, 16.79)
(1.75, 1.79, 16.77)
(1.75, 1.79, 16.77)
(1.73, 1.78, 16.77)
(1.72, 1.76, 16.79)
(1.71, 1.70, 16.81)
(1.69, 1.63, 16.81)
(1.66, 1.61, 16.81)
(1.63, 1.61, 16.79)
(1.54, 1.63, 16.77)
(1.38, 1.66, 16.76)
(1.21, 1.66, 16.67)
(1.14, 1.65, 16.59)
(1.11, 1.67, 16.53)
(1.11, 1.68, 16.49)
(1.13, 1.68, 16.46)
(1.13, 1.67, 16.45)
(1.12, 1.67, 16.42)
(1.09, 1.70, 16.37)
(1.04, 1.70, 16.32)
(0.97, 1.69, 16.26)
(0.87, 1.70, 16.18)
(0.78, 1.71, 16.10)
(0.74, 1.72, 16.07)
(0.72, 1.75, 16.06)
(0.67, 1.76, 16.03)
(0.62, 1.75, 15.99)
(0.55, 1.73, 15.95)
(0.47, 1.70, 15.94)
(0.35, 1.68, 15.93)
(0.18, 1.65, 15.88)
(-0.01, 1.60, 15.82)
(-0.17, 1.56, 15.77)
(-0.28, 1.52, 15.73)
(-0.36, 1.50, 15.70)
(-0.42, 1.50, 15.68)
(-0.44, 1.53, 15.67)
(-0.45, 1.57, 15.67)
(-0.44, 1.61, 15.69)
(-0.42, 1.62, 15.73)
(-0.43, 1.63, 15.74)
(-0.49, 1.61, 15.69)
(-0.60, 1.57, 15.62)
(-0.73, 1.55, 15.54)
(-0.82, 1.55, 15.49)
(-0.86, 1.57, 15.47)
(-0.89, 1.62, 15.47)
(-0.89, 1.63, 15.51)
(-0.87, 1.64, 15.56)
(-0.85, 1.65, 15.60)
(-0.83, 1.67, 15.63)
(-0.82, 1.67, 15.64)
(-0.81, 1.68, 15.64)
(-0.80, 1.67, 15.63)
(-0.79, 1.67, 15.63)
(-0.80, 1.66, 15.60)
(-0.81, 1.65, 15.57)
(-0.81, 1.63, 15.55)
(-0.80, 1.62, 15.52)
(-0.80, 1.60, 15.50)
(-0.80, 1.60, 15.48)
(-0.78, 1.63, 15.45)
(-0.75, 1.65, 15.42)
(-0.74, 1.66, 15.40)
(-0.72, 1.66, 15.38)
(-0.70, 1.67, 15.36)
(-0.67, 1.68, 15.35)
(-0.63, 1.68, 15.33)
(-0.60, 1.68, 15.31)
(-0.59, 1.68, 15.28)
(-0.59, 1.67, 15.22)
(-0.61, 1.64, 15.12)
(-0.64, 1.61, 15.01)
(-0.66, 1.58, 14.91)
(-0.67, 1.59, 14.85)
(-0.65, 1.61, 14.82)
(-0.61, 1.63, 14.82)
(-0.57, 1.65, 14.84)
(-0.54, 1.67, 14.88)
(-0.50, 1.67, 14.89)
(-0.45, 1.67, 14.86)
(-0.40, 1.66, 14.80)
(-0.33, 1.63, 14.69)
(-0.26, 1.61, 14.58)
(-0.21, 1.60, 14.49)
(-0.17, 1.60, 14.46)
(-0.13, 1.62, 14.46)
(-0.10, 1.66, 14.49)
(-0.08, 1.67, 14.53)
(-0.06, 1.69, 14.58)
(-0.04, 1.70, 14.63)
(0.00, 1.70, 14.64)
(0.06, 1.70, 14.64)
(0.15, 1.68, 14.62)
(0.25, 1.65, 14.59)
(0.36, 1.63, 14.55)
(0.43, 1.61, 14.53)
(0.48, 1.63, 14.54)
(0.51, 1.66, 14.62)
(0.48, 1.71, 14.73)
(0.44, 1.74, 14.80)
(0.41, 1.76, 14.87)
(0.37, 1.77, 14.95)
(0.35, 1.78, 15.05)
(0.34, 1.77, 15.16)
(0.36, 1.78, 15.26)
(0.40, 1.78, 15.32)
(0.48, 1.74, 15.28)
(0.50, 1.71, 15.23)
(0.55, 1.70, 15.18)
(0.61, 1.70, 15.14)
(0.68, 1.68, 15.08)
(0.77, 1.67, 15.02)
(0.84, 1.67, 14.96)
(0.88, 1.67, 14.92)
(0.89, 1.68, 14.90)
(0.90, 1.68, 14.90)
(0.88, 1.69, 14.92)
(0.85, 1.69, 14.95)
(0.81, 1.70, 15.00)
(0.83, 1.72, 15.08)
(0.89, 1.76, 15.21)
(0.85, 1.78, 15.42)
(0.73, 1.79, 15.53)
(0.69, 1.79, 15.54)
(0.68, 1.79, 15.55)
(0.69, 1.79, 15.55)
(0.74, 1.78, 15.51)
(0.77, 1.75, 15.37)
(0.70, 1.75, 15.22)
(0.58, 1.75, 15.15)
(0.48, 1.74, 15.12)
(0.39, 1.73, 15.10)
(0.29, 1.73, 15.08)
(0.19, 1.72, 15.05)
(0.09, 1.71, 15.01)
(0.01, 1.70, 14.99)
(-0.04, 1.70, 14.98)
(-0.03, 1.72, 14.95)
(0.02, 1.73, 14.93)
(0.07, 1.73, 14.94)
(0.12, 1.73, 14.96)
(0.18, 1.75, 15.00)
(0.24, 1.75, 15.05)
(0.29, 1.76, 15.10)
(0.34, 1.77, 15.14)
(0.39, 1.77, 15.22)
(0.41, 1.83, 15.27)
(0.39, 1.86, 15.28)
(0.38, 1.83, 15.29)
(0.36, 1.78, 15.32)
(0.32, 1.73, 15.32)
(0.30, 1.72, 15.28)
(0.28, 1.74, 15.25)
(0.26, 1.76, 15.24)
(0.24, 1.77, 15.24)
(0.20, 1.75, 15.26)
(0.18, 1.73, 15.30)
(0.16, 1.76, 15.34)
(0.14, 1.80, 15.38)
(0.13, 1.81, 15.42)
(0.13, 1.80, 15.44)
(0.13, 1.71, 15.45)
(0.15, 1.66, 15.46)
(0.19, 1.67, 15.43)
(0.28, 1.72, 15.34)
(0.30, 1.74, 15.17)
(0.21, 1.74, 15.12)
(0.18, 1.72, 15.15)
(0.18, 1.70, 15.21)
(0.18, 1.72, 15.27)
(0.17, 1.74, 15.31)
(0.15, 1.74, 15.34)
(0.12, 1.72, 15.36)
(0.09, 1.72, 15.38)
(0.06, 1.72, 15.37)
(0.02, 1.73, 15.37)
(-0.03, 1.73, 15.36)
(-0.06, 1.74, 15.36)
(-0.07, 1.76, 15.37)
(-0.08, 1.78, 15.39)
(-0.07, 1.79, 15.42)
(-0.04, 1.80, 15.44)
(-0.01, 1.81, 15.45)
(0.01, 1.81, 15.46)
(0.03, 1.81, 15.47)
(0.04, 1.81, 15.48)
(0.05, 1.82, 15.50)
(0.04, 1.82, 15.52)
(0.02, 1.83, 15.54)
(0.01, 1.84, 15.54)
(0.00, 1.83, 15.54)
(0.00, 1.83, 15.54)
(0.01, 1.82, 15.53)
(0.04, 1.81, 15.51)
(0.08, 1.80, 15.47)
(0.12, 1.79, 15.44)
(0.15, 1.78, 15.42)
(0.16, 1.79, 15.42)
(0.17, 1.79, 15.45)
(0.19, 1.79, 15.49)
(0.21, 1.79, 15.54)
(0.22, 1.80, 15.57)
(0.23, 1.80, 15.62)
(0.24, 1.80, 15.64)
(0.25, 1.81, 15.66)
(0.25, 1.81, 15.65)
(0.25, 1.81, 15.64)
(0.26, 1.81, 15.63)
(0.27, 1.80, 15.61)
(0.27, 1.80, 15.61)
(0.27, 1.80, 15.60)
(0.27, 1.81, 15.60)
(0.27, 1.81, 15.59)
(0.27, 1.81, 15.59)
(0.25, 1.81, 15.56)
(0.21, 1.81, 15.50)
(0.16, 1.81, 15.40)
(0.10, 1.79, 15.29)
(0.06, 1.79, 15.20)
(0.02, 1.79, 15.13)
(0.01, 1.81, 15.10)
(0.00, 1.81, 15.09)
(0.00, 1.81, 15.08)
(0.00, 1.81, 15.09)
(0.00, 1.81, 15.09)
(0.00, 1.81, 15.10)
(0.00, 1.81, 15.11)
(-0.01, 1.81, 15.11)
(-0.01, 1.81, 15.12)
(-0.01, 1.81, 15.12)
(-0.01, 1.81, 15.13)
(-0.01, 1.81, 15.13)
(-0.01, 1.81, 15.14)
(-0.01, 1.81, 15.15)
(-0.01, 1.81, 15.16)
(-0.01, 1.81, 15.17)
(-0.01, 1.81, 15.18)
(-0.01, 1.81, 15.19)
(-0.01, 1.82, 15.20)
(-0.01, 1.82, 15.21)
(-0.01, 1.82, 15.21)
(0.00, 1.82, 15.21)
(0.00, 1.82, 15.21)
(0.00, 1.82, 15.21)
(-0.01, 1.82, 15.21)
(-0.01, 1.82, 15.21)
(-0.01, 1.82, 15.20)
(-0.01, 1.82, 15.20)
(-0.01, 1.82, 15.20)
(-0.01, 1.82, 15.20)
(-0.01, 1.81, 15.20)
(-0.01, 1.81, 15.19)
(-0.02, 1.81, 15.19)
(-0.02, 1.81, 15.19)
(-0.02, 1.81, 15.19)
(-0.02, 1.81, 15.19)
(-0.02, 1.81, 15.19)
(-0.02, 1.81, 15.19)
(-0.02, 1.81, 15.18)
(-0.02, 1.81, 15.19)
(-0.03, 1.82, 15.19)
(-0.03, 1.82, 15.21)
(-0.03, 1.82, 15.22)
(-0.03, 1.82, 15.23)
(-0.03, 1.82, 15.23)
(-0.03, 1.82, 15.22)
(-0.04, 1.81, 15.22)
(-0.04, 1.81, 15.21)
(-0.04, 1.81, 15.21)
(-0.04, 1.81, 15.20)
(-0.05, 1.81, 15.20)
(-0.05, 1.81, 15.19)
(-0.05, 1.81, 15.19)
(-0.05, 1.80, 15.19)
(-0.05, 1.80, 15.19)
(-0.05, 1.80, 15.19)
(-0.05, 1.80, 15.19)
(-0.05, 1.80, 15.19)
(-0.05, 1.81, 15.18)
(-0.05, 1.81, 15.17)
(-0.04, 1.81, 15.15)
(-0.05, 1.81, 15.14)
(-0.05, 1.81, 15.15)
(-0.05, 1.81, 15.16)
(-0.05, 1.81, 15.17)
(-0.05, 1.81, 15.19)
(-0.04, 1.81, 15.20)
(-0.04, 1.81, 15.20)
(-0.03, 1.81, 15.21)
(-0.03, 1.81, 15.20)
(-0.04, 1.81, 15.16)
(-0.03, 1.81, 15.13)
(-0.02, 1.81, 15.13)
(-0.02, 1.81, 15.13)
(-0.02, 1.80, 15.14)
(-0.02, 1.80, 15.15)
(-0.03, 1.80, 15.16)
(-0.05, 1.80, 15.17)
(-0.05, 1.79, 15.20)
(-0.03, 1.79, 15.25)
(0.01, 1.80, 15.32)
(0.06, 1.80, 15.40)
(0.13, 1.81, 15.48)
(0.21, 1.80, 15.56)
(0.27, 1.80, 15.62)
(0.34, 1.80, 15.67)
(0.39, 1.79, 15.70)
(0.45, 1.79, 15.73)
(0.48, 1.79, 15.72)
(0.48, 1.80, 15.71)
(0.48, 1.80, 15.70)
(0.46, 1.81, 15.70)
(0.45, 1.81, 15.69)
(0.43, 1.80, 15.69)
(0.42, 1.79, 15.69)
(0.40, 1.76, 15.70)
(0.36, 1.73, 15.72)
(0.32, 1.71, 15.73)
(0.29, 1.71, 15.73)
(0.28, 1.71, 15.73)
(0.28, 1.70, 15.74)
(0.29, 1.69, 15.74)
(0.31, 1.69, 15.76)
(0.33, 1.69, 15.79)
(0.36, 1.69, 15.82)
(0.39, 1.70, 15.87)
(0.39, 1.72, 15.90)
(0.39, 1.72, 15.92)
(0.41, 1.72, 15.94)
(0.42, 1.72, 15.95)
(0.44, 1.72, 15.96)
(0.44, 1.73, 15.96)
(0.44, 1.73, 15.97)
(0.42, 1.73, 15.97)
(0.39, 1.73, 15.97)
(0.35, 1.73, 15.97)
(0.29, 1.72, 15.95)
(0.23, 1.71, 15.91)
(0.17, 1.69, 15.82)
(0.16, 1.68, 15.74)
(0.15, 1.69, 15.72)
(0.13, 1.70, 15.72)
(0.12, 1.70, 15.72)
(0.12, 1.70, 15.73)
(0.12, 1.71, 15.75)
(0.14, 1.70, 15.78)
(0.16, 1.71, 15.81)
(0.17, 1.72, 15.85)
(0.18, 1.73, 15.87)
(0.18, 1.74, 15.87)
(0.17, 1.77, 15.85)
(0.16, 1.77, 15.81)
(0.15, 1.78, 15.74)
(0.14, 1.78, 15.69)
(0.12, 1.79, 15.67)
(0.11, 1.79, 15.64)
(0.10, 1.80, 15.62)
(0.07, 1.80, 15.60)
(0.04, 1.80, 15.57)
(-0.01, 1.79, 15.53)
(-0.06, 1.79, 15.49)
(-0.12, 1.78, 15.45)
(-0.19, 1.79, 15.43)
(-0.26, 1.79, 15.40)
(-0.30, 1.79, 15.38)
(-0.33, 1.79, 15.36)
(-0.36, 1.80, 15.32)
(-0.40, 1.80, 15.26)
(-0.43, 1.80, 15.19)
(-0.47, 1.80, 15.12)
(-0.53, 1.80, 15.02)
(-0.57, 1.79, 14.98)
(-0.62, 1.76, 14.96)
(-0.68, 1.67, 14.93)
(-0.72, 1.60, 14.93)
(-0.75, 1.53, 14.96)
(-0.78, 1.47, 14.99)
(-0.80, 1.38, 15.03)
(-0.83, 1.25, 15.07)
(-0.85, 1.14, 15.09)
(-0.86, 1.04, 15.11)
(-0.87, 0.95, 15.12)
(-0.86, 0.87, 15.11)
(-0.85, 0.80, 15.11)
(-0.82, 0.75, 15.10)
(-0.77, 0.71, 15.09)
(-0.72, 0.67, 15.08)
(-0.70, 0.68, 15.07)
(-0.70, 0.69, 15.06)
(-0.70, 0.68, 15.06)
(-0.69, 0.65, 15.06)
(-0.68, 0.65, 15.06)
(-0.68, 0.65, 15.05)
(-0.67, 0.65, 15.05)
(-0.66, 0.64, 15.05)
(-0.66, 0.65, 15.05)
(-0.65, 0.65, 15.05)
(-0.64, 0.65, 15.05)
(-0.64, 0.65, 15.05)
(-0.64, 0.65, 15.05)
(-0.64, 0.65, 15.05)
(-0.64, 0.65, 15.05)
(-0.64, 0.64, 15.05)
(-0.65, 0.64, 15.05)
(-0.65, 0.64, 15.05)
(-0.65, 0.64, 15.06)
(-0.65, 0.64, 15.06)
(-0.66, 0.64, 15.06)
(-0.66, 0.64, 15.06)
(-0.66, 0.64, 15.06)
(-0.66, 0.64, 15.06)
(-0.66, 0.63, 15.06)
(-0.66, 0.63, 15.06)
(-0.67, 0.63, 15.06)
(-0.67, 0.62, 15.06)
(-0.67, 0.61, 15.05)
(-0.68, 0.60, 15.04)
(-0.68, 0.60, 15.04)
(-0.68, 0.60, 15.03)
(-0.68, 0.60, 15.04)
(-0.68, 0.60, 15.04)
(-0.69, 0.60, 15.04)
(-0.69, 0.60, 15.04)
(-0.69, 0.59, 15.04)
(-0.69, 0.59, 15.04)
(-0.69, 0.59, 15.04)
(-0.69, 0.59, 15.04)
(-0.69, 0.59, 15.04)
(-0.69, 0.58, 15.03)
(-0.69, 0.57, 15.03)
(-0.70, 0.56, 15.02)
(-0.70, 0.56, 15.03)
(-0.70, 0.56, 15.03)
(-0.70, 0.56, 15.03)
(-0.70, 0.56, 15.03)
(-0.70, 0.56, 15.03)
(-0.70, 0.56, 15.03)
(-0.70, 0.56, 15.03)
(-0.70, 0.56, 15.03)
(-0.69, 0.56, 15.04)
(-0.69, 0.56, 15.04)
(-0.69, 0.56, 15.04)
(-0.69, 0.56, 15.04)
(-0.69, 0.56, 15.04)
(-0.69, 0.56, 15.04)
(-0.69, 0.56, 15.04)
(-0.69, 0.56, 15.04)
(-0.69, 0.57, 15.04)
(-0.69, 0.58, 15.04)
(-0.69, 0.59, 15.03)
(-0.69, 0.59, 15.03)
(-0.68, 0.59, 15.03)
(-0.68, 0.59, 15.03)
(-0.68, 0.62, 15.03)
(-0.65, 0.69, 15.03)
(-0.63, 0.71, 15.02)
(-0.62, 0.73, 15.01)
(-0.61, 0.75, 15.01)
(-0.61, 0.75, 15.01)
(-0.60, 0.75, 15.03)
(-0.60, 0.74, 15.06)
(-0.63, 0.69, 15.06)
(-0.65, 0.65, 15.05)
(-0.66, 0.63, 15.05)
(-0.66, 0.61, 15.05)
(-0.66, 0.61, 15.05)
(-0.66, 0.61, 15.06)
(-0.67, 0.61, 15.06)
(-0.67, 0.61, 15.06)
(-0.67, 0.61, 15.07)
(-0.67, 0.61, 15.08)
(-0.66, 0.61, 15.08)
(-0.66, 0.61, 15.08)
(-0.66, 0.61, 15.08)
(-0.66, 0.61, 15.08)
(-0.66, 0.61, 15.08)
(-0.67, 0.60, 15.08)
(-0.67, 0.60, 15.08)
(-0.67, 0.60, 15.08)
(-0.67, 0.60, 15.08)
(-0.67, 0.60, 15.08)
(-0.67, 0.60, 15.08)
(-0.67, 0.60, 15.09)
(-0.67, 0.60, 15.09)
(-0.67, 0.60, 15.09)
(-0.67, 0.60, 15.09)
(-0.67, 0.60, 15.09)
(-0.67, 0.60, 15.09)
(-0.67, 0.60, 15.09)
(-0.67, 0.60, 15.08)
(-0.67, 0.60, 15.08)
(-0.67, 0.60, 15.08)
(-0.67, 0.60, 15.08)
(-0.67, 0.60, 15.08)
(-0.67, 0.60, 15.08)
(-0.67, 0.60, 15.07)
(-0.67, 0.61, 15.07)
(-0.67, 0.61, 15.07)
(-0.67, 0.61, 15.07)
(-0.67, 0.61, 15.07)
(-0.67, 0.60, 15.08)
(-0.67, 0.59, 15.09)
(-0.67, 0.58, 15.10)
(-0.68, 0.57, 15.11)
(-0.68, 0.57, 15.12)
(-0.68, 0.56, 15.13)
(-0.69, 0.55, 15.13)
(-0.69, 0.55, 15.14)
(-0.69, 0.55, 15.14)
(-0.69, 0.54, 15.14)
(-0.68, 0.54, 15.14)
(-0.68, 0.54, 15.14)
(-0.68, 0.54, 15.15)
(-0.67, 0.55, 15.14)
(-0.67, 0.55, 15.14)
(-0.68, 0.54, 15.14)
(-0.68, 0.55, 15.14)
(-0.68, 0.54, 15.14)
(-0.68, 0.54, 15.14)
(-0.68, 0.54, 15.14)
(-0.68, 0.54, 15.14)
(-0.68, 0.54, 15.14)
(-0.69, 0.54, 15.14)
(-0.69, 0.54, 15.14)
(-0.69, 0.54, 15.14)
(-0.69, 0.54, 15.14)
(-0.69, 0.54, 15.14)
(-0.69, 0.54, 15.14)
(-0.69, 0.54, 15.14)
(-0.69, 0.54, 15.14)
(-0.69, 0.54, 15.14)
(-0.69, 0.54, 15.14)
(-0.69, 0.54, 15.14)
(-0.69, 0.54, 15.14)
(-0.69, 0.54, 15.15)
(-0.68, 0.54, 15.15)
(-0.68, 0.54, 15.15)
(-0.68, 0.54, 15.15)
(-0.68, 0.54, 15.15)
(-0.68, 0.54, 15.15)
(-0.68, 0.54, 15.15)
(-0.69, 0.54, 15.15)
(-0.68, 0.59, 15.14)
(-0.66, 0.64, 15.10)
(-0.65, 0.66, 15.05)
(-0.63, 0.69, 15.02)
(-0.62, 0.69, 15.01)
(-0.61, 0.69, 14.99)
(-0.60, 0.67, 15.00)
(-0.60, 0.67, 14.99)
(-0.59, 0.67, 14.97)
(-0.60, 0.66, 14.95)
(-0.61, 0.63, 14.91)
(-0.61, 0.61, 14.89)
(-0.62, 0.60, 14.88)
(-0.63, 0.59, 14.87)
(-0.63, 0.58, 14.86)
(-0.63, 0.58, 14.86)
(-0.64, 0.58, 14.85)
(-0.64, 0.56, 14.84)
(-0.66, 0.54, 14.84)
(-0.66, 0.54, 14.83)
(-0.66, 0.54, 14.83)
(-0.66, 0.55, 14.83)
(-0.66, 0.55, 14.83)
(-0.67, 0.54, 14.83)
(-0.68, 0.52, 14.84)
(-0.68, 0.50, 14.85)
(-0.70, 0.48, 14.87)
(-0.70, 0.47, 14.88)
(-0.71, 0.47, 14.89)
(-0.72, 0.48, 14.90)
(-0.72, 0.49, 14.91)
(-0.72, 0.51, 14.92)
(-0.72, 0.53, 14.92)
(-0.70, 0.55, 14.93)
(-0.69, 0.55, 14.92)
(-0.67, 0.55, 14.91)
(-0.65, 0.54, 14.89)
(-0.64, 0.55, 14.87)
(-0.63, 0.54, 14.86)
(-0.65, 0.53, 14.86)
(-0.67, 0.52, 14.89)
(-0.68, 0.52, 14.93)
(-0.69, 0.52, 14.94)
(-0.69, 0.52, 14.95)
(-0.69, 0.54, 14.94)
(-0.69, 0.55, 14.93)
(-0.69, 0.55, 14.93)
(-0.68, 0.56, 14.93)
(-0.67, 0.57, 14.93)
(-0.67, 0.57, 14.91)
(-0.67, 0.57, 14.90)
(-0.67, 0.58, 14.90)
(-0.67, 0.58, 14.90)
(-0.67, 0.59, 14.89)
(-0.67, 0.59, 14.88)
(-0.67, 0.59, 14.88)
(-0.67, 0.58, 14.89)
(-0.67, 0.58, 14.90)
(-0.67, 0.59, 14.91)
(-0.67, 0.59, 14.90)
(-0.66, 0.59, 14.89)
(-0.66, 0.59, 14.88)
(-0.66, 0.58, 14.88)
(-0.67, 0.58, 14.89)
(-0.67, 0.58, 14.90)
(-0.68, 0.58, 14.90)
(-0.68, 0.58, 14.89)
(-0.69, 0.58, 14.89)
(-0.70, 0.58, 14.89)
(-0.70, 0.57, 14.88)
(-0.70, 0.56, 14.88)
(-0.71, 0.56, 14.89)
(-0.71, 0.55, 14.92)
(-0.72, 0.55, 14.96)
(-0.75, 0.54, 14.99)
(-0.79, 0.53, 15.00)
(-0.81, 0.53, 15.01)
(-0.82, 0.53, 15.02)
(-0.81, 0.54, 15.02)
(-0.77, 0.59, 15.03)
(-0.70, 0.64, 15.09)
(-0.62, 0.67, 15.13)
(-0.53, 0.69, 15.16)
(-0.46, 0.71, 15.17)
(-0.42, 0.73, 15.17)
(-0.37, 0.73, 15.18)
(-0.34, 0.73, 15.19)
(-0.28, 0.75, 15.24)
(-0.23, 0.77, 15.32)
(-0.26, 0.74, 15.40)
(-0.28, 0.70, 15.46)
(-0.29, 0.68, 15.47)
(-0.31, 0.66, 15.48)
(-0.33, 0.65, 15.48)
(-0.32, 0.66, 15.48)
(-0.25, 0.68, 15.48)
(-0.19, 0.69, 15.44)
(-0.17, 0.70, 15.42)
(-0.13, 0.70, 15.39)
(-0.10, 0.70, 15.38)
(-0.08, 0.69, 15.37)
(-0.06, 0.70, 15.37)
(-0.06, 0.70, 15.36)
(-0.05, 0.71, 15.34)
(-0.04, 0.71, 15.33)
(-0.03, 0.72, 15.32)
(0.00, 0.71, 15.28)
(0.00, 0.73, 15.26)
(-0.01, 0.73, 15.27)
(-0.01, 0.72, 15.27)
(-0.01, 0.71, 15.26)
(0.00, 0.69, 15.25)
(0.02, 0.68, 15.25)
(0.03, 0.67, 15.26)
(0.03, 0.66, 15.28)
(0.00, 0.67, 15.34)
(-0.04, 0.67, 15.37)
(-0.08, 0.68, 15.39)
(-0.09, 0.67, 15.41)
(-0.11, 0.67, 15.44)
(-0.10, 0.67, 15.50)
(-0.09, 0.70, 15.61)
(-0.10, 0.74, 15.72)
(-0.15, 0.73, 15.79)
(-0.19, 0.72, 15.84)
(-0.23, 0.73, 15.86)
(-0.24, 0.73, 15.89)
(-0.24, 0.74, 15.91)
(-0.22, 0.77, 15.93)
(-0.20, 0.84, 15.96)
(-0.20, 0.89, 15.98)
(-0.19, 0.96, 16.00)
(-0.18, 1.02, 16.02)
(-0.18, 1.08, 16.03)
(-0.18, 1.13, 16.03)
(-0.18, 1.19, 16.06)
(-0.17, 1.23, 16.08)
(-0.17, 1.26, 16.11)
(-0.18, 1.26, 16.13)
(-0.20, 1.23, 16.16)
(-0.20, 1.20, 16.18)
(-0.16, 1.19, 16.21)
(-0.11, 1.17, 16.23)
(-0.04, 1.14, 16.26)
(0.02, 1.13, 16.27)
(0.05, 1.12, 16.29)
(0.07, 1.10, 16.32)
(0.08, 1.07, 16.36)
(0.08, 1.02, 16.39)
(0.07, 0.98, 16.43)
(0.03, 0.94, 16.46)
(0.01, 0.90, 16.46)
(0.02, 0.85, 16.47)
(0.05, 0.84, 16.48)
(0.11, 0.79, 16.44)
(0.14, 0.76, 16.36)
(0.16, 0.75, 16.34)
(0.17, 0.72, 16.35)
(0.18, 0.70, 16.34)
(0.21, 0.71, 16.38)
(0.24, 0.75, 16.43)
(0.27, 0.78, 16.46)
(0.28, 0.82, 16.52)
(0.30, 0.85, 16.56)
(0.31, 0.89, 16.60)
(0.31, 0.94, 16.64)
(0.31, 0.97, 16.65)
(0.29, 1.00, 16.65)
(0.25, 1.03, 16.64)
(0.21, 1.09, 16.62)
(0.18, 1.14, 16.59)
(0.18, 1.17, 16.57)
(0.21, 1.20, 16.55)
(0.26, 1.24, 16.52)
(0.31, 1.26, 16.51)
(0.35, 1.29, 16.50)
(0.36, 1.29, 16.49)
(0.36, 1.29, 16.49)
(0.36, 1.31, 16.49)
(0.36, 1.33, 16.51)
(0.37, 1.36, 16.52)
(0.40, 1.39, 16.52)
(0.45, 1.42, 16.52)
(0.51, 1.46, 16.51)
(0.56, 1.50, 16.49)
(0.61, 1.55, 16.46)
(0.65, 1.60, 16.42)
(0.67, 1.63, 16.38)
(0.66, 1.65, 16.34)
(0.62, 1.66, 16.31)
(0.58, 1.66, 16.28)
(0.55, 1.67, 16.28)
(0.53, 1.68, 16.29)
(0.53, 1.71, 16.31)
(0.53, 1.76, 16.32)
(0.54, 1.78, 16.33)
(0.55, 1.79, 16.33)